1600
-1.33677023744644297e+00 -1.33677023744644297e+00 3.11913055404170025e-01 
0.00000000000000000e+00 -1.02999170883785163e+00 2.47198010121084355e+00 
-1.42624464923315308e+00 9.50829766155435130e-01 2.06805474138807188e+00 
1.25054643838778268e+00 -1.94529445971432891e+00 1.44276005762146053e+00 
-2.00338473783945714e+00 -2.96797738939178990e-01 1.76532821806532469e+00 
7.09894662163915058e-01 1.57754369369758840e+00 2.05014949193449203e+00 
-7.11589497464517384e-01 -1.58130999436559394e+00 2.05504411351095362e+00 
2.00213530179599841e+00 2.96612637303111049e-01 1.76422724895912886e+00 
-1.34715110839057495e+00 1.19746765190273297e+00 6.49964770880241183e-01 
2.18681292652500081e-01 -1.61986142705555602e+00 9.99713228360099460e-01 
-1.12290092070008152e+00 -7.76326562459315861e-01 2.30862807089680899e+00 
1.68658175090652485e+00 1.09940143762795683e+00 1.79817030275919798e+00 
-1.56159861335449657e+00 -1.75824436466580369e+00 1.41814682303924688e+00 
1.14571997451212693e+00 -1.13157528346876923e-01 2.41589358480159166e+00 
-3.50030977082874561e-01 1.76311899567670083e+00 1.98738009750629030e+00 
1.48029296101020114e+00 -8.14552740450057877e-01 9.03568299679529119e-01 
-1.62223057654154634e+00 3.20440607711910241e-01 9.67928129067291754e-01 
1.13811306024745706e-01 1.55120594878171869e+00 1.11893082031998414e+00 
-7.56250458703794148e-01 -1.47248766562431865e+00 9.64916788055504182e-01 
1.60792963209361806e+00 -5.29359549660450512e-01 2.08137098418620381e+00 
-1.78540923328039369e+00 1.25038761118626862e+00 1.61528020577413689e+00 
8.57837199862818478e-01 -1.72838309898286391e+00 1.88067126567250265e+00 
-5.94148435416361864e-01 1.17362653909404660e-01 2.60593483398155623e+00 
1.90670986277354437e+00 1.65139543670415212e+00 1.14221140467743409e+00 
-2.04139567563195712e+00 -1.02360580886388752e+00 1.47104158192010570e+00 
5.80428302615395353e-01 8.02567529542275393e-01 2.48461033397079811e+00 
-5.34688905741362852e-01 1.58426342441885248e+00 9.35636823614033442e-01 
1.04504359851667639e+00 -1.48253098599896616e+00 6.17401686367192504e-01 
-1.58252924248959337e+00 -8.68328802463425919e-01 1.99703514193822107e+00 
1.26341859994372019e+00 1.03390869554477205e+00 2.12963847521336769e+00 
-1.67213348611509133e-01 -2.01481763265225844e+00 1.77117652530481262e+00 
1.63410689088939520e+00 -1.50633721629310574e-01 9.89041576796800936e-01 
-1.52659616431112188e+00 9.14376993677390448e-01 7.10364662776007516e-01 
9.12814645307312850e-02 -1.55065796536155864e+00 2.18635998482824023e+00 
-1.38802766013443701e+00 4.02128178080100707e-01 2.25603033957377486e+00 
1.30367464199847927e+00 1.96923983686044801e+00 1.36313042749538260e+00 
-1.11783535711351023e+00 -1.40164433398666666e+00 6.76044647169687707e-01 
8.62220845879681175e-01 -7.19108743888677959e-01 2.43137459972097636e+00 
-6.48312924433571691e-01 1.28061812233791983e+00 2.26121193309009216e+00 
1.87028696152416019e+00 -1.62553335915186259e+00 1.22549708659872203e+00 
-1.54415344190101500e+00 -2.25939232468370839e-02 1.13414229798309152e+00 
4.32304645417269429e-01 1.81034241636466331e+00 1.92999698394436470e+00 
-9.92466942322258405e-01 -1.31883373704775986e+00 2.12290324513928752e+00 
1.80716415455897672e+00 5.77952557366304243e-01 1.90263657644419304e+00 
-9.72685995425328298e-01 1.43596009201192043e+00 8.14309313485581665e-01 
1.01376187332807599e+00 -2.06410774588356594e+00 1.44375479200083645e+00 
-2.97365334170709927e-01 -5.09069872489775199e-01 2.61037324318880737e+00 
1.50132617940902069e+00 8.38544038903633604e-01 8.45022299952550626e-01 
-1.45977413026441027e+00 -9.74425643360832372e-01 7.68604738307289592e-01 
2.99498677155825899e-01 1.97200775082024743e-01 2.65013519710711165e+00 
-1.05515302226355745e+00 1.89186030962354734e+00 1.62241316923395185e+00 
1.62848230418618178e+00 -1.04967800243839671e+00 1.87499720295948635e+00 
-1.78953069136201059e+00 7.74306048702198324e-01 1.85414666652845983e+00 
5.77811019623924449e-01 1.59789714068838351e+00 8.85470633594278134e-01 
-2.69285604948235391e-01 -1.63832032245049852e+00 9.56342445774609140e-01 
1.50934799447593382e+00 -5.07947015973611249e-01 1.06539079689651150e+00 
-1.99389456463832992e+00 9.76762176849986563e-01 1.54735506190729666e+00 
5.84835819392006351e-01 -1.94738981836350633e+00 1.76402538990177415e+00 
-8.77240305364811457e-01 -1.92535595141796939e-01 2.52164790966499286e+00 
1.79004428329296861e+00 1.50659658411345898e+00 1.41601598312405330e+00 
-1.44542441999836413e+00 -1.37719450910519536e+00 1.82783837002178040e+00 
1.38417735880511095e+00 4.73924099804877708e-01 2.24329124013651215e+00 
-8.06114822869282710e-02 2.13371627189103918e+00 1.61940605346164856e+00 
1.37966112420923537e+00 -1.24834331907741247e+00 4.57573195934052046e-01 
-1.65847953406891047e+00 -3.53600966699387620e-01 8.91970336390528806e-01 
4.66542155954594931e-02 1.36391583370429736e+00 2.30109915550349875e+00 
-1.27561582386039540e+00 -1.72317358603522952e+00 1.67099235178809535e+00 
1.51217193586946674e+00 3.62061368857636706e-02 2.20986604665594832e+00 
-1.78252823646467307e+00 1.64814798853576239e+00 1.29427997522667826e+00 
7.82814716303936620e-01 -1.27342408461933032e+00 2.22843526589544183e+00 
-7.23947367595197289e-01 7.24543209050007908e-01 2.47214616152870104e+00 
1.17089858595318352e+00 1.37829130601493377e+00 6.32857540646619920e-01 
-1.31930427099266079e+00 -1.23194293318282133e+00 6.42613367039804206e-01 
4.45384898819029873e-01 -4.30111068269680652e-01 2.60300519998655888e+00 
-1.01006928852364841e+00 1.49206155771179860e+00 1.99566694092823749e+00 
1.65051990110460878e+00 -1.49496051265361762e+00 1.56957459702342739e+00 
-1.72570122610314836e+00 2.44733823771513120e-01 2.03810859427022750e+00 
1.00630990133692011e+00 1.94006610114535039e+00 1.59055628436374485e+00 
-3.34759262475789632e-01 -1.09579046059094432e+00 2.42186646098647262e+00 
1.55151313207418506e+00 5.37669701390231070e-01 9.87379047167345925e-01 
-1.28587144825531374e+00 1.36040302205040109e+00 4.08702001138631865e-01 
1.32440512185908077e-01 -1.68128597527197221e+00 9.09360252959470428e-01 
-1.23404536027021283e+00 -9.50972922043316404e-01 2.18868738790675010e+00 
1.60581091086691741e+00 9.48734018298861281e-01 1.93895860922743424e+00 
-1.62089070556411508e+00 -1.85652406586193197e+00 1.25509135516645065e+00 
1.01080786455318039e+00 -3.16929763528334296e-01 2.45784790258760300e+00 
-4.91270718118611727e-01 1.61147087783912712e+00 2.08403006682040592e+00 
2.00878358149778391e+00 -1.32764701030430499e+00 1.30436390852135875e+00 
-2.08153619744753415e+00 3.11734945732479951e-01 1.66799175170825675e+00 
5.29371597636146496e-01 2.04844520718716483e+00 1.65649389390397617e+00 
-5.11337372330226803e-01 -1.58063828847671561e+00 9.54628609584178278e-01 
1.89127749692176184e+00 -6.75221522449251155e-01 1.79172270753070428e+00 
-1.51156071331306707e+00 1.14882168734340584e+00 1.91209204491177731e+00 
1.18184066079499472e+00 -1.81393338827283457e+00 1.63438095579551401e+00 
-1.50306793240361752e-01 -9.23696068198659459e-02 2.66920882357619327e+00 
1.48724057247085684e+00 9.95306380551230441e-01 6.84601912068153684e-01 
-1.55680615028921765e+00 -7.72994216159255454e-01 8.06246638307910768e-01 
1.48302973793047799e-01 6.11927771151560385e-01 2.59890488125296759e+00 
-7.77367138572541361e-01 1.47553041656680994e+00 9.43244088892434940e-01 
9.21930307736407717e-01 -1.42218996325710401e+00 8.93655026094864802e-01 
-1.90788082182681173e+00 -4.80154368693862632e-01 1.83325879791121937e+00 
8.54619230584836131e-01 1.40974226990125828e+00 2.11570636425090353e+00 
-5.68101318301813429e-01 -1.73793325105056184e+00 1.97206831345882172e+00 
2.08744851631825679e+00 1.18580146493024258e-01 1.68231168820264876e+00 
-1.92767614548558575e+00 1.65721176200142839e+00 1.10694515511783309e+00 
5.17620859973177416e-01 -1.20216621725158479e+00 2.33902395634184446e+00 
-9.90549400144099312e-01 8.07502548422389443e-01 2.35337422244321681e+00 
1.04614594210945233e+00 1.45453232337698535e+00 6.79053368768817389e-01 
-9.12314979711592589e-01 -1.52610580523438477e+00 7.14059898468293430e-01 
1.23877653569295942e+00 -8.82116136984835819e-01 2.21068398557647372e+00 
-2.38727727915176297e-01 1.11917130716448021e+00 2.41786324214795689e+00 
1.40774779237544778e+00 -1.13743115204555956e+00 6.29043414237179466e-01 
-1.59017894930659920e+00 -1.39604187593446477e-01 1.05973613204671735e+00 
3.11365961452501228e-01 1.67526236285319841e+00 2.06633919672352606e+00 
-1.09571465078239449e+00 -1.46600307515379424e+00 1.97926572455581562e+00 
1.71875116027146535e+00 4.06246976786755920e-01 2.01866585892323602e+00 
-1.53022365096138468e+00 1.93647092154181832e+00 1.22547611884203178e+00 
6.19604431630516483e-01 -1.53964328976285802e+00 9.57490458526262356e-01 
-4.40533564102303044e-01 -7.09043505093784665e-01 2.54383932966060256e+00 
1.47934316297475310e+00 7.57990421253356583e-01 9.52991824217194972e-01 
-1.84929326620310630e+00 -1.62020889838169180e+00 1.26203462345562367e+00 
7.37707606120590276e-01 -1.29528907521862385e-02 2.57107432003914971e+00 
-7.24057703739343084e-01 1.80602531574199654e+00 1.85487982982722732e+00 
1.88789033937195616e+00 -1.15313221324391613e+00 1.57118648775053393e+00 
-1.49135617249332575e+00 6.30836779785180379e-01 2.13830146959708323e+00 
8.15130836530427616e-01 1.48894202982326895e+00 8.88713925141140448e-01 
-4.05919833106443070e-02 -2.12748765203442769e+00 1.64203643651648190e+00 
1.66765803993016215e+00 -2.57953768277132844e-01 9.07510663774658721e-01 
-1.57367032866749934e+00 8.15875223054340126e-01 7.27398382356160500e-01 
2.22989442586995663e-02 -1.70316216231055129e+00 2.07361473736373014e+00 
-1.45309122258301371e+00 2.06540368432988980e-01 2.24136747234949940e+00 
1.28521270531649701e+00 1.86431107972216292e+00 1.50128314808831442e+00 
-1.93119703140283927e+00 -9.74424215801614757e-01 1.62889613992538407e+00 
7.85012574138648445e-01 8.89661338542465874e-01 2.39871590423427383e+00 
-4.11840913994386881e-01 1.63052481335040400e+00 9.18136691449427778e-01 
1.14146659499715142e+00 -1.41948448655366777e+00 5.94404655530122228e-01 
-1.53600438973476994e+00 -4.88368874295235622e-01 1.03604316845965672e+00 
4.01728683415603249e-01 1.18252742443324466e+00 2.36595269732705393e+00 
-9.65854901128890608e-01 -1.89433060023528155e+00 1.67634721233596218e+00 
1.77777136309447359e+00 -1.50292716973490253e-01 2.00118720377121617e+00 
-1.58504636665600041e+00 1.57472544172856344e+00 1.55699403456838859e+00 
1.08286746614244134e+00 -1.40853710553574629e+00 2.02249085228442294e+00 
-3.70490473664028430e-01 5.33424967294601093e-01 2.59457334508244042e+00 
1.32510478638339202e+00 1.25392486140740944e+00 5.85635412714290204e-01 
-1.35069014665967924e+00 -1.26152226997906514e+00 5.05367964596218466e-01 
2.22155354734556498e-01 -6.37109458113918170e-01 2.58972507345416725e+00 
-1.21193500294115974e+00 1.31159206004795603e+00 2.01121821454660310e+00 
1.47075693761023718e+00 -1.66617799302189140e+00 1.57446336397880104e+00 
-1.87583781405181704e+00 5.67871056711207606e-02 1.91703218771955752e+00 
8.57734411776432504e-01 1.84030219674124407e+00 1.76966091513594304e+00 
-5.37255436317325530e-01 -1.26734222086377213e+00 2.30150212628795980e+00 
2.10154686258613843e+00 6.22021630658456282e-01 1.57241945267331107e+00 
-1.20857377386599363e+00 1.36594090515486899e+00 5.87157531097754926e-01 
5.08471561516813941e-01 -2.06770065114590462e+00 1.64701105423366978e+00 
-9.42083086882942400e-01 -3.94448210272398292e-01 2.47542905435327842e+00 
1.77622271166179280e+00 1.37715367037244807e+00 1.53557243706301194e+00 
-1.47240254038620599e+00 -1.51840178511281354e+00 1.70647792472890480e+00 
1.33113264783336782e+00 2.82929356380148100e-01 2.30514366507106283e+00 
-1.45373691140188166e-01 2.02377954509091973e+00 1.75061185946165665e+00 
1.59143704101302830e+00 -5.88879876414711179e-01 8.89802070812545476e-01 
-1.61440667833938156e+00 5.32356125053128126e-01 8.84017603121356133e-01 
6.65885102025050163e-02 1.67660551779015043e+00 9.25072428300312222e-01 
-7.43864652449341190e-01 -1.58724331783010686e+00 7.73642758911953332e-01 
1.52475602831517532e+00 -8.96284094654641206e-01 2.02532681428496497e+00 
-1.87804546000566175e+00 9.24032677830307514e-01 1.70385369238737638e+00 
7.55764121337411221e-01 -1.99048986689688556e+00 1.65862247298375753e+00 
-6.64665452771019405e-01 -2.98243422185319573e-01 2.57530932469584606e+00 
1.93266090191409923e+00 1.40104725448623402e+00 1.34317032132678160e+00 
-1.41722475398236569e+00 -9.13965796499223604e-01 9.09582106852353967e-01 
5.18435714994075147e-01 4.03126184028314627e-01 2.59237922273380317e+00 
-8.58719412735143295e-01 2.03022340627897124e+00 1.55986927754179505e+00 
1.04828243002217181e+00 -1.43567239798921320e+00 7.14946013441235872e-01 
-1.65130625398669828e+00 -6.84261444724693968e-01 2.00841450692895584e+00 
1.18459980271091037e+00 1.21265345127266388e+00 2.08274911342297653e+00 
-2.36284433960748330e-01 -1.88956829792179470e+00 1.89557362649658145e+00 
1.61549321758339293e+00 -3.63657859116236631e-02 1.02959131850161278e+00 
-1.43367271095982018e+00 1.03099254963136611e+00 7.43529427817446020e-01 
3.02102505805609767e-01 -1.38322590819004132e+00 2.27661655287770870e+00 
-1.19487165942648410e+00 6.04715165651811826e-01 2.31967194274674426e+00 
9.86755720461350516e-01 1.42431182182780969e+00 8.17831322410160322e-01 
-1.06296198080941506e+00 -1.36942853435231515e+00 8.16073774993535062e-01 
1.07107746233935819e+00 -5.14038822346314705e-01 2.39986583096225248e+00 
-4.34692419428471977e-01 1.45820147110854892e+00 2.20319100193296080e+00 
1.40213320890576121e+00 -1.00960790426438174e+00 8.28198909506236980e-01 
-2.04793237502162029e+00 1.41653550818305191e-01 1.72906870372785404e+00 
6.06162149581787268e-01 1.92678191437945645e+00 1.77208180266171267e+00 
-8.13773497296832238e-01 -1.16349038531798699e+00 2.27685800471394328e+00 
1.93008226296527763e+00 7.32438846284801048e-01 1.73243235743789392e+00 
-8.48529662720822753e-01 1.52767652316643643e+00 7.85748650412967042e-01 
7.75608838900039732e-01 -1.56053147212809695e+00 7.96474445977176981e-01 
-7.30428677165798901e-02 -9.10581045004496659e-01 2.51674979516622210e+00 
1.61094979455736786e+00 6.17756154963101545e-01 8.33316975704673113e-01 
-1.45928864581974227e+00 -1.10074803137520782e+00 5.74481948525791930e-01 
7.50898868440888489e-02 -2.24136616972204911e-01 2.66463056574082069e+00 
-1.27828161366331750e+00 1.60054690343325645e+00 1.76597455754704780e+00 
1.42268760873661737e+00 -1.39813289968588417e+00 1.82580763398018520e+00 
-1.95390889640575427e+00 4.09474425124016883e-01 1.79644699474346692e+00 
6.97268001940085314e-01 2.08827872374107582e+00 1.55476322387252863e+00 
-4.00618576061152587e-01 -1.56449882406739293e+00 1.03104183988007181e+00 
2.02647931055703667e+00 -5.71460932070455119e-01 1.67581363610311818e+00 
-1.46828913744030798e+00 7.73419792561150010e-01 9.57678402662536565e-01 
4.10475144603752118e-01 -1.83215763049472047e+00 1.92197329006064832e+00 
-1.08130179945635008e+00 1.26572135647378525e-02 2.44902657150849823e+00 
1.61947672241752527e+00 1.67528198406064899e+00 1.42909174826386787e+00 
-1.62792642635064233e+00 -1.19160281841154392e+00 1.80393706657815112e+00 
1.19033880330453212e+00 6.76186974523029560e-01 2.30140088165617573e+00 
-1.80909105443093216e-01 1.59067151401942231e+00 1.05272746693137154e+00 
1.35263084583343618e+00 -1.22053817887049276e+00 5.93190895409081431e-01 
-1.60645911724730417e+00 -2.53136957731628309e-01 1.01311888484036827e+00 
2.50701682458720598e-01 1.52465639732471470e+00 2.18553215026491765e+00 
-1.13220674339265237e+00 -1.60912432883446810e+00 1.85393380053313495e+00 
1.67365117549621156e+00 2.23337155490083594e-01 2.08086862556326180e+00 
-1.61324678022157331e+00 1.80952318587138183e+00 1.29872729796297648e+00 
9.93326069093273256e-01 -1.08297163164997290e+00 2.24496284533733181e+00 
-5.05410619771433978e-01 9.25447154839168507e-01 2.45888487719471760e+00 
1.21015157314079547e+00 1.39999843544767977e+00 4.96725920750781036e-01 
-1.17938770482504074e+00 -1.39625510945672415e+00 5.75078603845003089e-01 
6.50633205591379382e-01 -8.25067561426653828e-01 2.46302077968049948e+00 
-8.54867677623268096e-01 1.18051797190195673e+00 2.24897966782182301e+00 
1.72501365875801183e+00 -1.72743193865768641e+00 1.28513562285192795e+00 
-1.56886363002287355e+00 -1.31744497588847542e-01 2.16979264491107804e+00 
1.22969202425398882e+00 1.65777271708035756e+00 1.74408709042975407e+00 
-1.15635397565351100e-01 -1.44967767548594861e+00 2.25255604156927358e+00 
1.64429226037683596e+00 3.02793154709562196e-01 9.35851674947835832e-01 
-1.37745579379711636e+00 1.22927728562515148e+00 5.12534858090275991e-01 
9.92122258203067264e-02 -1.56033243100813990e+00 1.10757335132658929e+00 
-1.32104122353262765e+00 -5.73776911470095130e-01 2.26234784792587673e+00 
1.50839780297034065e+00 1.28694230914759222e+00 1.83241669092240733e+00 
-1.73531893771578782e+00 -1.59193266399783773e+00 1.41317722182487371e+00 
9.46175155019363334e-01 8.94558340083728004e-02 2.50057008594144037e+00 
-5.29715537068287445e-01 1.88622329182900184e+00 1.83553625159422640e+00 
2.02183446359942742e+00 -1.04431962704915904e+00 1.47550804475522779e+00 
-2.09669547329529404e+00 6.41622506583956254e-01 1.56567298256089593e+00 
3.14226217893445237e-01 1.60480822393102485e+00 9.98524680700749956e-01 
-8.25608644220298782e-01 -2.02594400621277382e+00 1.59086649840141425e+00 
1.86853450729070181e+00 -3.28082876451591010e-01 1.89817149240761829e+00 
-1.51397507485681082e+00 1.45295178275902481e+00 1.71459825446427594e+00 
1.17903451967241457e+00 -1.54699209404979143e+00 1.87297573399688289e+00 
-2.24405378787817994e-01 3.28348062240976957e-01 2.64475155374122961e+00 
1.40229088351708353e+00 1.16074401175311759e+00 5.97873487253749780e-01 
-1.53474242861352450e+00 -5.93798155853821452e-01 9.81411492440793509e-01 
3.60614632262947654e-01 1.00042116912014434e+00 2.45412091896300844e+00 
-6.25636453778248613e-01 1.62086447687506574e+00 8.07822050259276114e-01 
9.49106679468722847e-01 -1.53357418979773708e+00 6.46951161179012635e-01 
-1.73083982242341872e+00 -9.04214243122112404e-01 1.86102890180851643e+00 
1.08403625789625191e+00 9.92189155871536110e-01 2.24077523018551705e+00 
-3.50757049260091602e-01 -2.04686111534655257e+00 1.71093680063558784e+00 
1.56388252141758022e+00 -1.95429751437543403e-01 1.08962276088307553e+00 
-1.88409367648176262e+00 1.38805798325617413e+00 1.41103323573216244e+00 
6.90331044399012717e-01 -1.57573505882024301e+00 2.06385015242406622e+00 
-8.04834596625122911e-01 3.55429303510217565e-01 2.52709646115963604e+00 
1.74025359706427318e+00 1.83013717394246034e+00 1.13795231812525688e+00 
-8.34197916653879545e-01 -1.51653783543804566e+00 8.21843001498472225e-01 
1.42679004840145640e+00 -7.43607172219767576e-01 2.14783062336347497e+00 
-2.36449081513665296e-02 1.24134146058861394e+00 2.36932692632808761e+00 
1.48978638025734100e+00 -1.05250367302714487e+00 5.86490962454581877e-01 
-1.68697390026974570e+00 -5.80792004181198002e-02 9.06611799980718613e-01 
1.09722400009656298e-02 1.77626869129486820e+00 2.00375230643861491e+00 
-1.37280678415614776e+00 -1.32477937983913741e+00 1.91144821618281457e+00 
1.46775672509979516e+00 5.47390647299581756e-01 2.17455328834192363e+00 
-1.17230461766035732e+00 1.34278843471595621e+00 7.02723411152694655e-01 
4.55105521888801823e-01 -1.52195507904583893e+00 1.07132198282761792e+00 
-7.64951457959399450e-01 -5.67097072323505369e-01 2.50279823710981475e+00 
1.90985233927353870e+00 1.22667531074202785e+00 1.50091210714585355e+00 
-1.41580279581060031e+00 -1.01888821647366190e+00 7.92823016367973921e-01 
4.11002181503830777e-01 1.26835440640330421e-01 2.63957590064993042e+00 
-9.78176744705377077e-01 1.86214456749630863e+00 1.69305680583283413e+00 
1.69642834108404261e+00 -1.09155116187977175e+00 1.79527363021465725e+00 
-1.72160009892050869e+00 7.26241326852647195e-01 1.93203801221305582e+00 
6.39571680603278847e-01 1.56753987397954297e+00 8.97198917983799138e-01 
-2.06884259829866024e-01 -1.66159213665029415e+00 9.31401934737824400e-01 
1.54052026050397717e+00 -5.36169612142362806e-01 1.00524552402319589e+00 
-1.57762215584093557e+00 6.09639757037831576e-01 9.00359255861489904e-01 
1.77780873462588640e-01 -2.00879619726565117e+00 1.77524812798278231e+00 
-1.30264432676051456e+00 -2.51388348925372318e-01 2.32782458477936638e+00 
1.48855170088495070e+00 1.53213589760448965e+00 1.66914942618442907e+00 
-1.76245181326583089e+00 -1.36160886314309471e+00 1.57134422016643382e+00 
9.73960019634526275e-01 4.26471409637255827e-01 2.45498631398249056e+00 
-4.75078165692068399e-01 2.08361632416538223e+00 1.62689050097629084e+00 
1.22641754631389599e+00 -1.34972659779020954e+00 5.87653982278578679e-01 
-2.08443470641831352e+00 -5.97608948387254868e-01 1.60100931474712493e+00 
5.68669402624770393e-01 1.29191958124927542e+00 2.27465114757364351e+00 
-8.33662672932908522e-01 -1.82693300386373769e+00 1.80341267543559214e+00 
1.89829216948877111e+00 -2.63633300607122867e-02 1.89413716542662725e+00 
-1.43872801183681731e+00 1.69235166214354193e+00 1.57165955558807591e+00 
1.24654447538037894e+00 -1.28224131330142876e+00 2.01362933720570014e+00 
-1.84801245158351196e-01 6.70591075252251700e-01 2.58226158835258124e+00 
1.35504544434092722e+00 1.26563152635946907e+00 4.82936613679997406e-01 
-1.40422594897305708e+00 -1.19984998364571682e+00 5.09616120774151304e-01 
1.11831293130485329e-01 -5.01800528846439331e-01 2.62588860484409770e+00 
-1.28403079927388020e+00 1.40577179734914925e+00 1.90821578179180240e+00 
1.41277060603035109e+00 -1.58974709669395087e+00 1.68591763329374356e+00 
-1.94172446784140407e+00 1.75124459714015607e-01 1.84378073218641925e+00 
7.54109826469106848e-01 1.93353209692497985e+00 1.71517558086848410e+00 
-6.46916625952763447e-01 -1.14413647037192567e+00 2.33713442831349294e+00 
2.03241052208821760e+00 7.42119939218911950e-01 1.61456259213281728e+00 
-1.22128686074826165e+00 1.38636142702223930e+00 5.07601701145021122e-01 
2.76313941021832710e-01 -1.63534514072060366e+00 9.59424810131203398e-01 
-1.02205378670072022e+00 -8.45708697571130430e-01 2.33063815766080040e+00 
1.76724000714034357e+00 1.03187617920023156e+00 1.76151519795028966e+00 
-1.47660683443168828e+00 -1.81658630570841817e+00 1.42940254180189008e+00 
1.24084942261558839e+00 -1.78447585657487806e-01 2.36525053211646163e+00 
-2.54212455542005722e-01 1.71943258532282317e+00 2.03760046727943855e+00 
1.50610760414059763e+00 -8.33064410793888044e-01 8.41927943351035823e-01 
-1.59260595691204943e+00 2.88108289665429451e-01 1.02557250792477861e+00 
2.51092991320572445e-01 2.13384266094541841e+00 1.60403859876534227e+00 
-6.93912410205307695e-01 -1.50702098308628596e+00 9.58421834620596491e-01 
1.68326349281186971e+00 -5.83378014274506529e-01 2.00897911819628883e+00 
-1.72403066584759035e+00 1.21446711435638455e+00 1.69752981795500202e+00 
9.41078490540112278e-01 -1.76376973920990210e+00 1.81284731578055003e+00 
-4.84977793790736578e-01 4.80355058673529386e-02 2.63048753772020749e+00 
1.36674590805328222e+00 1.09925101220303745e+00 7.71266442007565889e-01 
-1.97460329323547867e+00 -1.09064535765502701e+00 1.51586168915193586e+00 
6.88469690627818598e-01 7.33784459810959855e-01 2.47850042077513644e+00 
-4.82406741488484114e-01 1.57236320091333281e+00 9.82932749356152935e-01 
1.69841961024884069e+00 -1.87955162562873213e+00 1.13938817045108554e+00 
-1.53402824068588894e+00 -3.87064870931382365e-01 2.16600459352782027e+00 
1.29328790453623799e+00 1.46006396949672590e+00 1.86306243343983424e+00 
-7.85849637260709055e-02 -1.65972428973956831e+00 2.10677674006703297e+00 
1.66465840116948360e+00 1.52598959874946483e-01 9.36389371168718121e-01 
-1.45278502709381763e+00 1.11993204018901338e+00 5.53504272781063400e-01 
6.00363529936728119e-02 -1.09208514372907595e+00 2.44480008711070695e+00 
-1.38427114604877644e+00 8.97127871337130567e-01 2.11756840424189230e+00 
8.28648475072949142e-01 1.55998585824762759e+00 7.42283582199884995e-01 
-1.08761239085185357e+00 -1.47258455765990859e+00 5.65502517575200758e-01 
8.15025215657792068e-01 -9.74770222738569281e-01 2.35971439299274044e+00 
-6.97277081965180456e-01 1.04169250142416137e+00 2.36541900327117105e+00 
1.80276955718259790e+00 -1.79638009589005532e+00 1.12281016033745185e+00 
-1.55234984995667036e+00 -1.81710819199317697e-01 1.10832766414189110e+00 
4.13682917552128937e-01 1.62154256133731756e+00 2.09166626587014326e+00 
-9.97609968954997095e-01 -1.52834827725522326e+00 1.98264047693514200e+00 
1.79646069210128223e+00 3.40279838789837308e-01 1.96287121164026046e+00 
-1.47130567067997564e+00 1.91668830235047860e+00 1.30423662148747921e+00 
6.68277954057410306e-01 -1.54979420080689589e+00 9.07051046437277630e-01 
-3.30193040558834749e-01 -7.77311625632991388e-01 2.54058663170674981e+00 
1.52229517109355084e+00 7.11992901438139203e-01 9.20262250634981571e-01 
-1.42985820595958346e+00 -1.07901858486679481e+00 6.80017274735653987e-01 
2.62592960698494138e-01 -8.34314560609758088e-02 2.66049643595767371e+00 
-1.11915993787857060e+00 1.71529055155902665e+00 1.76136837906816202e+00 
1.57176113080349911e+00 -1.27059409666264989e+00 1.79660478864691386e+00 
-1.83318402147782611e+00 5.38342202795307201e-01 1.88798009221441099e+00 
5.83790660313509235e-01 1.51705490658149733e+00 1.01436283692006635e+00 
-3.05368881285652372e-01 -1.52872452873942821e+00 1.11397946621540855e+00 
2.13078632961645109e+00 -4.46145437820733792e-01 1.57893958342659269e+00 
-1.97373516300542007e+00 1.22574385872306379e+00 1.42358408765224387e+00 
5.79011208621239226e-01 -1.73021502970142094e+00 1.97352691658182322e+00 
-9.11956678474356242e-01 1.49449142005124852e-01 2.51170510555784565e+00 
1.71147119703393580e+00 1.72998038920793729e+00 1.28327104402523862e+00 
-1.51166759240349236e+00 -1.10370187954702903e+00 1.94256558076284680e+00 
1.33479524128873006e+00 7.89237025414432747e-01 2.18681833051337371e+00 
-7.50347304242689889e-02 1.63607339384244677e+00 9.94400688237804586e-01 
1.32198323124553463e+00 -1.33207176820803674e+00 3.86191960332594564e-01 
-1.60918974780964552e+00 -5.04630103080048964e-01 9.09426140039174657e-01 
1.55229563853670122e-01 1.12796546219469573e+00 2.42012680742252861e+00 
-1.15415738326092665e+00 -1.90667598201354171e+00 1.56101442533588242e+00 
1.59367604295179088e+00 -2.18301167291842846e-01 2.14296458270986090e+00 
-1.76005423074430944e+00 1.48820488465414491e+00 1.46448757290949039e+00 
8.58737648819401289e-01 -1.48429910460965209e+00 2.07019710996448980e+00 
-6.25768465214521230e-01 4.61041173758201417e-01 2.55989314659786604e+00 
1.82460291494397642e+00 1.85345323906330162e+00 1.00813781488208409e+00 
-1.23870858286486607e+00 -1.33796214246289669e+00 5.88776223747031535e-01 
5.48662930016874162e-01 -6.97899915980616625e-01 2.52532144588818364e+00 
-9.41581441831333188e-01 1.28675171901018537e+00 2.15750813127691243e+00 
1.67946646006092615e+00 -1.66022378036835505e+00 1.39780481193775197e+00 
-1.65135354012341540e+00 -3.94489241876034864e-03 2.11204907129895281e+00 
1.12715004790260420e+00 1.76120297941867410e+00 1.71055127931484563e+00 
-2.22390569998090343e-01 -1.33585267661837515e+00 2.31340183743167360e+00 
1.60515081493761169e+00 3.82918025319167743e-01 9.73685645764378216e-01 
-1.30138622067989829e+00 1.30255798180872251e+00 5.30033676503372964e-01 
2.93653526978793433e-01 -2.11576109121658495e+00 1.63217349395993949e+00 
-1.17104645756507053e+00 -4.52770231144029367e-01 2.36729798068430508e+00 
1.61908462943985665e+00 1.36528615026691669e+00 1.69032779666289223e+00 
-1.63917975690438489e+00 -1.52911205107708881e+00 1.55976738671306947e+00 
1.11146406176255819e+00 2.22433800758061961e-01 2.42361132747441888e+00 
-3.65661030364664075e-01 1.97747880124780639e+00 1.77516727019800435e+00 
1.50594344740027064e+00 -6.48482285948278392e-01 9.91364790387619266e-01 
-1.98689985716625550e+00 7.69293856272594057e-01 1.65159965088798577e+00 
4.04832716283937299e-01 1.63371472111921157e+00 9.15579473012227973e-01 
-4.48230492810809678e-01 -1.60927255122133350e+00 9.38365797957792069e-01 
1.95151622681812653e+00 -7.21565692359778632e-01 1.71144810472351350e+00 
-1.43646032829006920e+00 1.10513841234073551e+00 1.98823013405912041e+00 
1.25334881987985369e+00 -1.84151842848915059e+00 1.55910936735011507e+00 
-3.75812118894988598e-02 -1.62765998636183684e-01 2.66983128289592830e+00 
1.52690189604290127e+00 9.51588951993120657e-01 6.58975079864201341e-01 
-1.57810501292373440e+00 -7.90742382896923335e-01 7.45325527304868229e-01 
3.72092378797043224e-02 5.44442438111814253e-01 2.61785313723971713e+00 
-8.38620792045434493e-01 1.43949201436025942e+00 9.46454963175181407e-01 
8.62595756338174424e-01 -1.45907567718869702e+00 8.93434843153389502e-01 
-1.96991647107964418e+00 -5.30721212696064093e-01 1.75556460575372753e+00 
7.62746093540707992e-01 1.36323901033371508e+00 2.17745452727682087e+00 
-6.58287178185209432e-01 -1.77734133354986557e+00 1.91211508576065858e+00 
2.02827487701188591e+00 6.20945606187309693e-02 1.75504047923309336e+00 
-1.37870486067204445e+00 1.10194382374055877e+00 7.45715633506579434e-01 
4.10755611124632547e-01 -1.26522065410570739e+00 2.32696110134241829e+00 
-1.09204423872681811e+00 7.38112824983667037e-01 2.33166068330673593e+00 
1.01277030415983171e+00 1.45096667070758034e+00 7.34976952757408264e-01 
-1.49056692058468165e+00 -1.92371209993101511e+00 1.29437509742629620e+00 
1.17284442257413746e+00 -3.78581198380057382e-01 2.37709591734759984e+00 
-3.27811331108555926e-01 1.56796186564955109e+00 2.14547073128364119e+00 
1.45656203348908009e+00 -9.35112068538036301e-01 8.21700402488325099e-01 
-1.62245587380068290e+00 1.70684991070370690e-01 1.00483961952630718e+00 
1.96925567443026278e-01 2.02729120733780865e+00 1.74201756687539255e+00 
-1.23876347873501458e+00 -1.00970580524671782e+00 2.16113278502654627e+00 
1.60346914301026966e+00 8.92506998145596309e-01 1.96522960321477758e+00 
-1.02587516645589449e+00 1.49723420822361564e+00 6.14059409300840464e-01 
5.38568323711109076e-01 -1.62922547758245173e+00 8.52506653034474593e-01 
-5.39960657877263550e-01 -9.64933809096073736e-01 2.44040490990368442e+00 
2.07866550478043388e+00 8.89094070891854993e-01 1.49363804214171503e+00 
-1.86445063605244399e+00 -1.76617851145687266e+00 1.09040337376216612e+00 
6.28678576474649087e-01 -2.90031871316957957e-01 2.58419646282650506e+00 
-8.42212048689553350e-01 1.60937475621534887e+00 1.97990362521476970e+00 
1.78668145028612502e+00 -1.37051341815021721e+00 1.53407097273270177e+00 
-1.58878847926597810e+00 3.75909249197370954e-01 2.12662221314536204e+00 
1.12370886202325737e+00 1.99362988372268313e+00 1.45645780043451967e+00 
-9.00289232751619178e-02 -1.60750599144558404e+00 1.03875809022951504e+00 
1.62253208243730640e+00 -4.10334001101860801e-01 9.32853010167303598e-01 
-1.57710441855941363e+00 7.03019206562113141e-01 8.30484640280574005e-01 
1.18414870681282994e-01 -1.88636852978049796e+00 1.90763899419284533e+00 
-1.36628693067240858e+00 -5.33103877842000320e-02 2.30361948240567971e+00 
1.40611146203604176e+00 1.68026788164549945e+00 1.60195389331455229e+00 
-1.83452915534144356e+00 -1.19946721301121650e+00 1.60677761124216967e+00 
8.99312560466054567e-01 6.27405181644575149e-01 2.44053294994350933e+00 
-3.69411975050085994e-01 1.55425138246090411e+00 1.05784522610104248e+00 
1.80516323902739617e+00 -1.89549032035884979e+00 9.94137707101536705e-01 
-2.13331563139487868e+00 -4.25572267612639055e-01 1.58296752500910820e+00 
4.90498064374187748e-01 1.46209012457728260e+00 2.18914790468710141e+00 
-9.15577078827200297e-01 -1.68324926684410037e+00 1.89846953101690463e+00 
1.85012291251306804e+00 1.55776077858294087e-01 1.93476993645541606e+00 
-1.45698456701982737e+00 1.80963811699191535e+00 1.43919913791317233e+00 
1.20660096749205636e+00 -1.12067262660236766e+00 2.12387317381250185e+00 
-2.55524307503945947e-01 8.67403959263508773e-01 2.51705205397111742e+00 
1.29890206689208454e+00 1.33733498039689080e+00 4.42252937137925795e-01 
-1.27182947334633867e+00 -1.35937293168325279e+00 4.53601270843961069e-01 
3.27658373895201249e-01 -8.99191928279387653e-01 2.50046037229676976e+00 
-1.14733325674586784e+00 1.09701695357683837e+00 2.16346452293040192e+00 
1.50230744390146231e+00 -1.82093037317354089e+00 1.39390747902405554e+00 
-1.80272878020440697e+00 -1.87998751455992624e-01 1.97843541557247837e+00 
9.77387509735879956e-01 1.64823550986858858e+00 1.89067108594084354e+00 
-4.22375190869877404e-01 -1.49526423556085186e+00 2.18748250805148770e+00 
1.54619969295914017e+00 2.80164012238708238e-01 1.09634562311169592e+00 
-1.76577311732310549e+00 1.88541923713587378e+00 1.03976893448254337e+00 
4.07871555175079559e-01 -1.56097093660364794e+00 1.03354226770587188e+00 
-8.30788269471096630e-01 -6.63824618329303839e-01 2.45855463602334057e+00 
1.88028920402454536e+00 1.16169302259899854e+00 1.57574099347659247e+00 
-1.35422966612877094e+00 -1.71988019605012887e+00 1.62069138026850901e+00 
1.42521701908483323e+00 2.03450297704677215e-02 2.26644758301920746e+00 
-5.39561225278640672e-02 1.86064987030518481e+00 1.92585327363020187e+00 
1.59316240132353704e+00 -7.11032491934513344e-01 7.92127166558010187e-01 
-1.64502977542167428e+00 3.87438990303201169e-01 9.02755313662431780e-01 
4.87696796342898115e-02 1.59763468647951346e+00 1.05659075165490601e+00 
-1.17736345279385746e+00 -2.01257888498984272e+00 1.42102323649526552e+00 
1.53183591877794467e+00 -4.10419646459755538e-01 2.16094136511556112e+00 
-1.83425740050938346e+00 1.33352070296328917e+00 1.50733800916237071e+00 
7.77657156304179531e-01 -1.64236672018243124e+00 1.98332198547533745e+00 
-7.00715349310747082e-01 2.54701336509746135e-01 2.56957066956654412e+00 
1.82215587557247849e+00 1.75243286225277317e+00 1.13543213531168741e+00 
-1.49204726699011569e+00 -6.39854396797642444e-01 1.01763470535494971e+00 
4.69519131144340351e-01 9.34315161746761658e-01 2.46187858987896835e+00 
-5.78352195718644824e-01 1.61337095000861441e+00 8.56587418161466774e-01 
1.02346510330060525e+00 -1.46129796469714424e+00 6.98803642144678827e-01 
-1.67239582517579799e+00 -7.40828002638459160e-01 1.97318611819298328e+00 
1.16057208847723436e+00 1.15935103563200492e+00 2.12389916392558220e+00 
-2.65923219685276491e-01 -1.93116433315696656e+00 1.85055163587976090e+00 
1.60361303531313726e+00 -7.55721414512262740e-02 1.04590304234525799e+00 
-1.45480247375517657e+00 9.97635611973618164e-01 7.47978634490750749e-01 
2.65635415273330289e-01 -1.43978926105088889e+00 2.24636543341897488e+00 
-1.22952589118547873e+00 5.38681563613510828e-01 2.31775499679228458e+00 
9.80526396369293618e-01 1.40695414528949758e+00 8.54544971696954869e-01 
-1.06778737711886862e+00 -1.38672559751153801e+00 7.79757221222528107e-01 
1.03554211049517719e+00 -5.80999486934714260e-01 2.40044946630988054e+00 
-4.71745193197032509e-01 1.40205657606740863e+00 2.23173188185439786e+00 
1.38014219295171259e+00 -1.04370749255865380e+00 8.22849492184427267e-01 
-2.06896543158850665e+00 8.31375936585459913e-02 1.70779163505284060e+00 
5.80774131560645501e-01 1.88744712405233295e+00 1.81991280343676176e+00 
-8.42256252121713178e-01 -1.21955198082362259e+00 2.23827189755177169e+00 
1.91336292447588741e+00 6.79251224472313675e-01 1.76847495584365766e+00 
-8.73843262344413785e-01 1.50296176376472101e+00 8.05420994941971280e-01 
1.16861233814911292e+00 -1.96911940082863257e+00 1.46932212168272480e+00 
-1.12274914597756750e-01 -3.72367343643832727e-01 2.64712196434593006e+00 
1.53623297133343351e+00 8.75824194338675310e-01 7.37644445499228141e-01 
-1.51115332502906163e+00 -9.00590234697920100e-01 7.59310178383748702e-01 
1.87045273367865417e-01 3.37177542627101479e-01 2.64622731159878910e+00 
-1.11944395378625261e+00 1.95859545954944880e+00 1.51138406542454362e+00 
1.56364036707422915e+00 -9.48440796289942822e-01 1.97426635798422967e+00 
-1.84732264304018012e+00 8.75951024867827166e-01 1.75719989852113856e+00 
5.10329140328310116e-01 1.64465087331239834e+00 8.40170674935359907e-01 
-3.21409566548841008e-01 -1.66998727783278422e+00 8.82630994235040545e-01 
2.05724785050825210e+00 -8.34116303092031885e-01 1.53910909586359645e+00 
-2.06634252698693643e+00 8.57561781994328975e-01 1.51592506586641007e+00 
4.83201153328770394e-01 -2.03259538939874007e+00 1.69571322690019644e+00 
-9.77543548954157182e-01 -3.26327938440690690e-01 2.47146959436367375e+00 
1.74324916467808966e+00 1.43072828170452393e+00 1.52679165160751551e+00 
-1.50774759047420792e+00 -1.46425747739198964e+00 1.72046339540080484e+00 
1.29854413761922172e+00 3.49192654810295378e-01 2.31457370013801889e+00 
-1.74717885808813478e-01 2.06080542854749593e+00 1.70481059466956930e+00 
1.32604432349271462e+00 -1.30735971045499677e+00 4.51238439396046354e-01 
-1.55295364439795924e+00 -4.48394358169104446e-01 1.02882290385178421e+00 
3.64484834866798391e-01 1.24278700099544337e+00 2.34109975499568090e+00 
-1.00327035866535574e+00 -1.84874267554099725e+00 1.70521471079764830e+00 
1.75360670040377875e+00 -8.90790024413338904e-02 2.02525818141837632e+00 
-1.59885482156999004e+00 1.61464325580901025e+00 1.50926043848012270e+00 
1.05895896448085658e+00 -1.35830543257184977e+00 2.06615741737502967e+00 
-4.06002658612754308e-01 6.00540325230753846e-01 2.57461087242752296e+00 
1.30243428066124300e+00 1.28186830602643131e+00 5.75914646575481526e-01 
-1.18524515278097042e+00 -1.33060294371635379e+00 7.04193740073988272e-01 
7.64885446100717514e-01 -5.58521094790290218e-01 2.50350865134412137e+00 
-7.36869340851289634e-01 1.41324650620587056e+00 2.15585230737318367e+00 
1.83448743706096562e+00 -1.53463538713191938e+00 1.35103189598518481e+00 
-1.48360347118712799e+00 1.25199403955094546e-01 2.22762813593674469e+00 
1.27196040071601502e+00 1.81833061097140947e+00 1.56045998093302640e+00 
-1.18684742200063833e-02 -1.22116668627467617e+00 2.38468370339013980e+00 
1.65669920248577207e+00 4.40324883382646415e-01 8.55956096499037256e-01 
-1.37335925014499316e+00 1.28166777156173661e+00 3.77374062381026387e-01 
3.35478088545896778e-03 -1.66581207687514232e+00 9.46709015251750774e-01 
-1.43160030287689888e+00 -8.71397495742902595e-01 2.10220559825086850e+00 
1.42202758771729521e+00 1.02982446558892882e+00 2.03438069305049041e+00 
-1.77757820336148487e+00 -1.77651499377160560e+00 1.18289374106056400e+00 
7.89015927203595258e-01 -2.53448954487576761e-01 2.54387287476869650e+00 
-6.97414001315945775e-01 1.64686215205488384e+00 2.00173386962087996e+00 
1.88914210750903910e+00 -1.31991238919741538e+00 1.45939524905382201e+00 
-1.56630457162713022e+00 2.53482714789124430e-01 1.07407429527937759e+00 
3.29325005189948783e-01 2.09589285987385221e+00 1.64116363042735180e+00 
-6.40596064821624234e-01 -1.53817770831593581e+00 9.45962530416395331e-01 
1.74232086174804457e+00 -6.36622535726851457e-01 1.94439994986613929e+00 
-1.67165877454413603e+00 1.17405938623675987e+00 1.76928342146820827e+00 
1.00672452245003874e+00 -1.79877674113705455e+00 1.74827115244703091e+00 
-3.92863883064822395e-01 -2.18984810818461106e-02 2.64611819090780376e+00 
1.40649818985994046e+00 1.05823067329376097e+00 7.57040140017520846e-01 
-1.54928878770725142e+00 -7.47369198266023549e-01 8.44003923773225528e-01 
2.03130031971665931e-01 6.78738183897011238e-01 2.57854734486123149e+00 
-7.42699113377307985e-01 1.50404713939252033e+00 9.25980193659962203e-01 
1.36806456858496994e+00 -1.99148943858339034e+00 1.29718056480046062e+00 
-1.87696860156659362e+00 -4.24395497138244426e-01 1.87583500952174931e+00 
8.96448526151127800e-01 1.45864882320065625e+00 2.06721448919372230e+00 
-5.24089179262951510e-01 -1.69318907407421615e+00 2.02013578126842619e+00 
2.11507152394563303e+00 1.74553079816798212e-01 1.64379418065676597e+00 
-1.88662812991553275e+00 1.70818311053749983e+00 1.10482424128722023e+00 
5.72558101946897713e-01 -1.14004752668000497e+00 2.35690902641024502e+00 
-9.37167455003868333e-01 8.73463903330813252e-01 2.35167659413665708e+00 
1.05666419841559645e+00 1.46533694145569182e+00 6.38316151580709423e-01 
-8.98333888814369153e-01 -1.51466831700753435e+00 7.54967021291672369e-01 
1.28916539284354048e+00 -8.16891902274569093e-01 2.20643882166137972e+00 
-1.84124992005997856e-01 1.18053784865264233e+00 2.39336247384572687e+00 
1.43441746543553750e+00 -1.10378258085344183e+00 6.28736541513858715e-01 
-1.66182261296702927e+00 -9.66731243613193070e-02 9.48788174269926565e-01 
9.40307155142376949e-02 1.72871445354344488e+00 2.04247467078788603e+00 
-1.29414144076700000e+00 -1.38809484219534363e+00 1.92059204069313871e+00 
1.54192155399608932e+00 4.79984745590405770e-01 2.13929307583531614e+00 
-1.66393636291014757e+00 1.93286611352443272e+00 1.09382812539657115e+00 
5.00110272888436902e-01 -1.53820398203953101e+00 1.02714035757825584e+00 
-6.75072977872281044e-01 -6.36438504379942649e-01 2.51194457795848125e+00 
1.97053437743549731e+00 1.16308639792915014e+00 1.47236261772737143e+00 
-1.37595357228719362e+00 -1.06054739933043551e+00 8.08201750963436605e-01 
5.03151564527373973e-01 5.67152164049216853e-02 2.62616222999648752e+00 
-9.13168077409857948e-01 1.82875552233031335e+00 1.75722077232763918e+00 
1.74912367841163041e+00 -1.13368771318313644e+00 1.72404163662199461e+00 
-1.66297468150126226e+00 6.74564512454391196e-01 1.99787980705168011e+00 
6.92173753751376131e-01 1.53749153542957639e+00 9.10062834466355164e-01 
-2.40541895464972094e-01 -2.08838918739620505e+00 1.67769575842572838e+00 
1.60252933119273844e+00 -2.29942406505346197e-01 1.02480501654426348e+00 
-1.48731729524118128e+00 8.82148758377618747e-01 8.25166601933261856e-01 
2.74637194238310844e-01 -1.64937622142594975e+00 2.09911499085275022e+00 
-1.22334528396079634e+00 2.78096768261672456e-01 2.36550296422931927e+00 
1.46468381198932196e+00 1.86514073080756737e+00 1.36274773517461312e+00 
-1.76879512252048565e+00 -9.53033750595727480e-01 1.80480454704579585e+00 
1.03022287319092731e+00 9.36129295884695178e-01 2.28833479755655667e+00 
-2.61844039641661419e-01 1.66442440714728734e+00 9.12320218658635662e-01 
1.20950241622078236e+00 -1.41055546203164894e+00 4.67585589240701205e-01 
-2.01367742499375613e+00 -8.25876976708077248e-01 1.60334106693675671e+00 
6.68102598017786931e-01 1.05057647324898973e+00 2.36901257199317072e+00 
-7.30746897299623610e-01 -1.99907261752852228e+00 1.66086484426530845e+00 
1.94988409115996042e+00 -2.63501572417377261e-01 1.82532324005463065e+00 
-1.41253481772793998e+00 1.51921905896887788e+00 1.74016686996716730e+00 
1.28752786880049741e+00 -1.48210551705691684e+00 1.85670935964670036e+00 
-9.34647107982771036e-02 3.98235738958694907e-01 2.64281695179947684e+00 
1.42635871401754710e+00 1.16302919500520208e+00 5.32975609281104989e-01 
-1.37146405752309897e+00 -1.27344596973839996e+00 4.10634619407701573e-01 
5.52554901991815020e-02 -7.71841970092148610e-01 2.56237230016878970e+00 
-1.35703900981317682e+00 1.18461216195706176e+00 1.99808248977847169e+00 
1.33284239258918347e+00 -1.77681962066334331e+00 1.57121070922869799e+00 
-1.97678087097475874e+00 -6.29388228658960408e-02 1.81434576818368165e+00 
7.34463261010186552e-01 1.76589462557301768e+00 1.88759667853941471e+00 
-6.81754444981211516e-01 -1.37207492776059858e+00 2.20430708937220388e+00 
2.02115303301240479e+00 5.23741613946536511e-01 1.69762683364004441e+00 
-1.28483542439619036e+00 1.29704419331416609e+00 5.81440781493239967e-01 
2.60133418804563421e-01 -1.52917409232893986e+00 1.12479166486412785e+00 
-1.08770092776866045e+00 -5.21808146328110789e-01 2.39251517680611592e+00 
1.68972987502715677e+00 1.30217999533448991e+00 1.67215521403836442e+00 
-1.56786998886669671e+00 -1.58978513490526696e+00 1.57153192913484663e+00 
1.19330300745937867e+00 1.54276164945576943e-01 2.39015938524788174e+00 
-2.90536628485179582e-01 1.94036005061098460e+00 1.82688032198350281e+00 
1.52855962149054814e+00 -6.74202738742581187e-01 9.38165891619109127e-01 
-1.58855454057495749e+00 4.71386056664020170e-01 9.62023256880120692e-01 
1.39467012878757429e-01 1.63651747321214502e+00 9.86690732583830554e-01 
-6.91444303884301559e-01 -1.58335826711150940e+00 8.28299741743527718e-01 
1.62439119673918730e+00 -8.25876427452623019e-01 1.97782755721278769e+00 
-1.79116402744849590e+00 9.93923506926832068e-01 1.75724880180413079e+00 
8.65908107827854212e-01 -1.93961841787840417e+00 1.67014577319562130e+00 
-5.38994425185255310e-01 -2.30612754392367059e-01 2.61083839891201075e+00 
1.99069174210110056e+00 1.42444411024560824e+00 1.24894877628299183e+00 
-1.97089172891587316e+00 -1.28218927709614494e+00 1.39719178339503536e+00 
6.43252965311513103e-01 4.68987673761904311e-01 2.55324129009869605e+00 
-7.50622874309549881e-01 2.07732403482645456e+00 1.54590757892732822e+00 
1.10844954769554072e+00 -1.39526095766528591e+00 7.04120408598773340e-01 
-1.56187959889890760e+00 -6.33011584074195888e-01 2.09126651736928659e+00 
1.28154227645247154e+00 1.25545979736891233e+00 2.00387223611976761e+00 
-1.24786700276215107e-01 -1.84809646404185246e+00 1.94434326021940329e+00 
1.65310589040522693e+00 2.37429264361200057e-03 9.68728221648770038e-01 
-1.47136311072921777e+00 1.03338533977141189e+00 6.62121156215059181e-01 
1.46548903610384557e-01 -1.32980364792707562e+00 2.32219466707128097e+00 
-1.32981077562882422e+00 6.59034127820706694e-01 2.23201736894152747e+00 
9.05385933130431808e-01 1.46863729355791284e+00 8.33414603686083222e-01 
-1.65271676176423621e+00 -1.91734872565467351e+00 1.14868385543689233e+00 
9.23017820421031088e-01 -4.53361738920230795e-01 2.47128310302435183e+00 
-5.81828666256202998e-01 1.50362498208323259e+00 2.14053379013081368e+00 
1.94193113872496870e+00 -1.43724306077829223e+00 1.30551325230568560e+00 
-2.13309074386765207e+00 1.94793331800461683e-01 1.61848211576614909e+00 
4.63009665631142653e-01 1.97669538543643619e+00 1.75544747856360939e+00 
-9.66327465786692152e-01 -1.09320740582924314e+00 2.25328632887186942e+00 
1.82196635722509837e+00 8.04865709044103594e-01 1.81307058813807287e+00 
-9.10932888463979018e-01 1.52462179508577211e+00 7.18977568663246802e-01 
7.05806525234593862e-01 -1.56023160726730348e+00 8.59484479323017747e-01 
-2.37974628366289354e-01 -8.44257075570237103e-01 2.52960113528394182e+00 
1.55746595094315632e+00 6.68340371353955520e-01 8.93767335075517200e-01 
-1.39170488456313834e+00 -1.11922115608310735e+00 6.94046545727229458e-01 
3.55463870458509135e-01 -1.53296093148905965e-01 2.64670228194658019e+00 
-1.05493382293731819e+00 1.67915626777303495e+00 1.82718185494338026e+00 
1.62665180926329667e+00 -1.31034949077719509e+00 1.72546212610550986e+00 
-1.77695948241955870e+00 4.84703243875819312e-01 1.95276035207574727e+00 
6.38302802102637346e-01 1.48544962930875535e+00 1.02820621530469558e+00 
-2.50084512712188067e-01 -1.55604275874601039e+00 1.08967323498029312e+00 
1.54606599207311479e+00 -3.52101526570505363e-01 1.07559451129061556e+00 
-1.93163093118295048e+00 1.19010134616885788e+00 1.49730739601252094e+00 
6.53193279328152854e-01 -1.77058039270911882e+00 1.91668865039454173e+00 
-8.25857726654377622e-01 8.16333278960910957e-02 2.54415332534305350e+00 
1.77814656738902244e+00 1.67286161583254356e+00 1.27196072539620908e+00 
-1.43567166300689708e+00 -1.16934227779685229e+00 1.96109123807654973e+00 
1.41311634447014423e+00 7.21438940258907535e-01 2.16149590132346203e+00 
-2.41540664418763117e-02 1.61644332866285056e+00 1.02845837828882969e+00 
1.44062007070750675e+00 -1.15204212692360319e+00 5.18277762637799455e-01 
-1.67612157565308961e+00 -2.06647424288655679e-01 9.05048283376015283e-01 
2.83374494319203023e-02 1.58024233781340140e+00 2.15987471926074681e+00 
-1.32596819739396721e+00 -1.53232847019679164e+00 1.79852650587120300e+00 
1.49324160436234110e+00 2.93328909095264212e-01 2.20388616192687348e+00 
-1.74542214380458915e+00 1.80807113128557795e+00 1.16140592729191616e+00 
7.83117162744366269e-01 -1.03798542465839505e+00 2.34401170548082671e+00 
-7.29266585025901914e-01 9.78569100229923383e-01 2.38251147315592693e+00 
1.11983543905484551e+00 1.45774749365427980e+00 5.40499698203718570e-01 
-1.23267417071320384e+00 -1.39340232937255726e+00 4.58414034397345627e-01 
4.15821666057623496e-01 -9.60785219297453974e-01 2.46470050435061205e+00 
-1.07480823405868020e+00 1.04551814662275189e+00 2.22312242367560131e+00 
1.55124161096778468e+00 -1.84709875848198246e+00 1.32227160882722883e+00 
-1.73894044371270740e+00 -2.52017061714280843e-01 2.02769225239833029e+00 
1.05969282323747271e+00 1.59051692698073066e+00 1.89722588641736634e+00 
-3.35079790581074455e-01 -1.55163032085865127e+00 2.16320351607854233e+00 
1.57919257907129973e+00 2.37493134467055556e-01 1.05874779757218573e+00 
-1.38504071460631595e+00 1.19393289480074172e+00 5.72176153970392343e-01 
1.28200787852930015e-01 -1.60367669253999989e+00 1.04066551464659285e+00 
-1.26782510819399863e+00 -7.03402276110964619e-01 2.25727445992672759e+00 
1.56405176152101366e+00 1.17346535341934377e+00 1.85790654930459920e+00 
-1.67927870340119467e+00 -1.68924299594123117e+00 1.37789230606624269e+00 
9.97266986159173197e-01 -4.66941652412890262e-02 2.48216456521261142e+00 
-4.91451771706528706e-01 1.80167127751439904e+00 1.92585983518980419e+00 
2.03411820228933138e+00 -1.13679284105929157e+00 1.40300346839261914e+00 
-2.07759060998082479e+00 5.36089784822849968e-01 1.62314646640724525e+00 
3.51904418420038889e-01 1.55878138561144586e+00 1.05714850505712721e+00 
-7.66947503694471178e-01 -2.10247939063143896e+00 1.51805610702376526e+00 
1.89709810680325441e+00 -4.44130878227373571e-01 1.84872278603453677e+00 
-1.49269829753809247e+00 1.35954660239641756e+00 1.79762524390966050e+00 
1.20489450225445727e+00 -1.63704153816825704e+00 1.78481471510535350e+00 
-1.68869835584271683e-01 1.88885754215481400e-01 2.66254636840650338e+00 
1.43990410313164152e+00 1.10303663124177653e+00 6.17402181321268340e-01 
-1.59251700079418845e+00 -6.40105174172866054e-01 8.51677202791886079e-01 
1.27902518205514931e-01 8.76912163488852925e-01 2.52310235099503810e+00 
-7.54182103445228624e-01 1.55750281494378373e+00 8.22552992737807909e-01 
8.68316261093915465e-01 -1.53011968498293438e+00 7.58920094558321989e-01 
-1.89579001838267325e+00 -7.66606197731497740e-01 1.75913304163925077e+00 
8.64141080899885838e-01 1.12828960014679813e+00 2.27043865467397987e+00 
-5.59100209517977231e-01 -1.95603003444249457e+00 1.76534220834638478e+00 
2.07696351904339194e+00 -1.69283307498044544e-01 1.69192941099935368e+00 
-1.38857106623693105e+00 1.00264499319250455e+00 8.58936843552794538e-01 
4.84556944298009162e-01 -1.48539596035335175e+00 2.18136995542975809e+00 
-1.02260248985271862e+00 4.83004312584956741e-01 2.42620457687983526e+00 
1.57021604417144744e+00 1.94366733598061225e+00 1.17023444666916143e+00 
-9.58330927409596467e-01 -1.44292838831041870e+00 8.18998528298411577e-01 
1.24037845968289018e+00 -6.33940857695821980e-01 2.28939756525682325e+00 
-2.50456846494950147e-01 1.35405055313721245e+00 2.29440223611549987e+00 
1.44504423131200066e+00 -1.03654042439421246e+00 7.13183151599488641e-01 
-1.59865190234746546e+00 1.71230725170818353e-02 1.05603881798218424e+00 
2.84886227660637925e-01 1.86116525716767756e+00 1.90698223392634114e+00 
-1.13829126936838287e+00 -1.24841524041683383e+00 2.09421417435117929e+00 
1.69075992903277483e+00 6.49460293345709760e-01 1.98331015500918850e+00 
-1.03146500925338991e+00 1.43354139678662906e+00 7.43127235378807538e-01 
8.98544081819030560e-01 -2.04663947833040583e+00 1.52842616988563385e+00 
-4.63649629234843708e-01 -4.38523084169954003e-01 2.59904931661421168e+00 
1.44015043850882574e+00 8.91106447937708990e-01 8.96155735619362015e-01 
-1.90161836165944509e+00 -1.43700284939346501e+00 1.36262046402434978e+00 
7.18107528100544124e-01 2.62951641021375082e-01 2.56290922277069022e+00 
-7.13340958731238706e-01 1.97156963087412085e+00 1.68772743921511870e+00 
1.90793263579877892e+00 -9.44827197292263388e-01 1.66319635452910863e+00 
-1.48529133986409900e+00 8.71259814225650686e-01 2.06117728312281523e+00 
7.73199917827419259e-01 1.57149999031771626e+00 7.77012713589612991e-01 
-3.76898641978809165e-02 -1.62915718764512762e+00 1.00778242773813398e+00 
1.64293187515829819e+00 -4.39903715026682629e-01 8.82303045824598842e-01 
-1.59958779607365575e+00 6.64158882151037022e-01 8.19396699705895903e-01 
6.93551156668116842e-02 -1.92967784098606177e+00 1.86677752667876340e+00 
-1.41081819380234963e+00 -1.18251105249184418e-01 2.27486928421273404e+00 
1.37687724762783525e+00 1.64286386050530742e+00 1.65790842197699018e+00 
-1.85906047418002696e+00 -1.24232935070158979e+00 1.55340520039488839e+00 
8.50639121700663137e-01 5.63534246187124777e-01 2.47291694846109511e+00 
-4.04183547397215237e-01 1.52796664053801678e+00 1.08312173599885520e+00 
1.20512200409187953e+00 -1.32822297677440671e+00 6.74317261234583465e-01 
-1.53504482638738970e+00 -3.39543018470009395e-01 1.09523833441237239e+00 
4.42950979777109732e-01 1.41004444220711878e+00 2.23194972941013825e+00 
-9.53622104261143577e-01 -1.72491077938682547e+00 1.84581099481677957e+00 
1.81516158390249438e+00 9.57091588458909431e-02 1.97057867471800408e+00 
-1.50519634016762627e+00 1.75961684548793440e+00 1.45112702048935782e+00 
1.15480794266982767e+00 -1.18295853543068397e+00 2.11923297834949143e+00 
-3.11216544445820253e-01 8.01450195847672187e-01 2.53266626793750849e+00 
1.29496389275103563e+00 1.32774364284888136e+00 4.81003560197084346e-01 
-1.38078743627930911e+00 -1.18158411903425442e+00 6.07028924381748269e-01 
2.80082045956609904e-01 -3.62821723059658263e-01 2.63581508007449195e+00 
-1.13771106370833897e+00 1.52614924060957202e+00 1.90682423789854827e+00 
1.54884494398823191e+00 -1.47088354232140550e+00 1.67596013261286059e+00 
-1.83455476688999175e+00 3.00262092619567433e-01 1.93481310422569419e+00 
8.70470971606666644e-01 1.99663679493150359e+00 1.59435049781100879e+00 
-4.96364208592539047e-01 -1.02903674493609154e+00 2.42370090663878068e+00 
1.49101180792936372e+00 5.88278892131252618e-01 1.04976703285292783e+00 
-1.14464637727418794e+00 1.45025087268840092e+00 5.07696924194359189e-01 
3.55820768877228688e-01 -1.66984982384789760e+00 8.69593143836568383e-01 
-8.63959748594095189e-01 -1.00030344260826487e+00 2.33346707694082856e+00 
1.88789993104214870e+00 8.85165871796614989e-01 1.71434091379067310e+00 
-1.33654998534802694e+00 -1.93315674216140732e+00 1.40777594683717822e+00 
1.37569173008936407e+00 -3.27499771297573183e-01 2.27476683650244604e+00 
-1.07193908269989827e-01 1.60741590303139903e+00 2.13762443666550928e+00 
1.53263177492544811e+00 -8.82821466333978733e-01 7.36793858990150374e-01 
-1.63712575214439093e+00 1.94411598698683991e-01 9.76331138258884290e-01 
1.49372793927703973e-01 2.05356915387393357e+00 1.71540099238607890e+00 
-7.39334213787879890e-01 -1.54252427665350322e+00 8.63251334104991996e-01 
1.58010187195269181e+00 -7.33347563382466872e-01 2.04483100787518968e+00 
-1.82470633928733461e+00 1.07457631667741915e+00 1.68188919793717462e+00 
8.19318896266762020e-01 -1.87779580411100544e+00 1.75531979775573843e+00 
-6.12334005342016652e-01 -1.14393527631476602e-01 2.60225543019674221e+00 
1.93434990191641942e+00 1.51206488655535898e+00 1.24423521326576658e+00 
-2.02459808094119964e+00 -1.18890921133169303e+00 1.39318343157757929e+00 
5.69081730062210744e-01 5.83051989701037443e-01 2.54727866717677287e+00 
-5.63811043888613139e-01 1.51024006774094199e+00 1.03561147838167189e+00 
1.09756450267034933e+00 -1.37016281440131915e+00 7.67596973734686605e-01 
-1.62273837508064256e+00 -5.26116281244277673e-01 2.07349884699954190e+00 
1.21083310769409636e+00 1.35321141060202121e+00 1.98502812885561286e+00 
-1.92525276174576931e-01 -1.77069428998500467e+00 2.00904783319374758e+00 
1.63145404497510738e+00 6.64592959687098500e-02 1.00256668141850169e+00 
-1.38904144320883893e+00 1.11112387182091710e+00 7.12156373344228433e-01 
3.59872374059419908e-01 -1.22783953432636972e+00 2.35454505626264821e+00 
-1.13739084399418444e+00 7.76977711650751801e-01 2.29804949961946647e+00 
9.83626415304240331e-01 1.47246793980014945e+00 7.31789813370777198e-01 
-9.76719165948432000e-01 -1.50859205158215737e+00 6.64355915416533938e-01 
1.09680187833466514e+00 -9.14329271401827515e-01 2.27015389216335928e+00 
-3.99165757549581002e-01 1.09488702764863977e+00 2.40838136081416154e+00 
1.35425543483325828e+00 -1.17200012066600201e+00 6.80886939190540996e-01 
-2.01610506389947064e+00 -2.28068328634426554e-01 1.75973360516959931e+00 
6.87708071487806771e-01 1.63704582692943079e+00 2.01159128301480061e+00 
-7.33820846559802509e-01 -1.51992921711347573e+00 2.09208033600685450e+00 
1.98874526003660823e+00 3.65381494765039394e-01 1.76815830488607473e+00 
-1.25099247539311187e+00 1.98677127742210824e+00 1.39214728700615442e+00 
8.23470086802485457e-01 -1.50035558965575633e+00 8.61411173776518657e-01 
-1.84565787993010745e-02 -7.35990188144907798e-01 2.57331322386960748e+00 
1.60597390157774189e+00 6.99506666751639750e-01 7.76361604020949003e-01 
-1.50248548756985745e+00 -1.02483708498049531e+00 6.02864328408517114e-01 
1.88057400827812658e-02 -3.66885342264289607e-02 2.67443527012307047e+00 
-1.29446467643737662e+00 1.71647329484394384e+00 1.65372089576745318e+00 
1.40319904093142633e+00 -1.26454954995563384e+00 1.92568667035298668e+00 
-1.97573898799816661e+00 5.59663130878579107e-01 1.73609121238266062e+00 
4.52267305394070007e-01 1.55102947337746944e+00 1.03002958538228473e+00 
-6.23757322279390070e-01 -2.11098415896016567e+00 1.56014864465198455e+00 
2.00625786296428377e+00 -4.23567267961565130e-01 1.73668255493731283e+00 
-1.46452503036033765e+00 8.54455622281656946e-01 8.92340245969060364e-01 
3.70662757276293886e-01 -1.71091386148363744e+00 2.03585824454546005e+00 
-1.12890922993035958e+00 1.91575057577447805e-01 2.41988948683616423e+00 
1.55316555531206713e+00 1.79554830625954098e+00 1.36485128161344038e+00 
-1.68604142168051596e+00 -1.03972055780840633e+00 1.83707110004032415e+00 
1.13204999748304225e+00 8.46720785989825253e-01 2.27525817723724977e+00 
-2.05801205207827881e-01 1.64365754207196568e+00 9.62930339070149688e-01 
1.26264285572534196e+00 -1.36132449275132750e+00 4.72998661623791006e-01 
-1.59700677509966193e+00 -4.85177001913139949e-01 9.40941935869137214e-01 
2.08040919290807036e-01 1.16751873561843866e+00 2.39748265474800837e+00 
-1.11913075602281809e+00 -1.88616601350667223e+00 1.60405100495693809e+00 
1.63525583404443386e+00 -1.74970783739418934e-01 2.11560987326990446e+00 
-1.71902113478744778e+00 1.52789266326260331e+00 1.47234332484561303e+00 
9.10193104797954122e-01 -1.44453940313927109e+00 2.07661932984631470e+00 
-5.70959464446412435e-01 5.07362320683741430e-01 2.56377502707118987e+00 
1.84556222134011572e+00 1.86747285120214390e+00 9.62309246717374722e-01 
-1.22804131770138492e+00 -1.33306978079788441e+00 6.21320023110901731e-01 
6.03474134505933235e-01 -6.52170040081825442e-01 2.52494143605902766e+00 
-8.89827211376125971e-01 1.32819330134582492e+00 2.15398086358775886e+00 
1.72115762485444979e+00 -1.62198076200533037e+00 1.39266330982130060e+00 
-1.61075763385734549e+00 3.83711233806047630e-02 2.14229005000404982e+00 
1.16288600312196211e+00 1.78337811368516563e+00 1.66730463629582304e+00 
-1.70553566986066968e-01 -1.29836165110362023e+00 2.33844584442926573e+00 
1.61826102528670823e+00 4.03952081940621377e-01 9.43002152230127844e-01 
-1.36092966512502556e+00 1.27507879902293531e+00 4.39594804839317843e-01 
9.71422364194468452e-02 -2.09825173409776999e+00 1.67579920405531335e+00 
-1.37415223544745357e+00 -4.00432848577774336e-01 2.26683183563753676e+00 
1.44513579689472493e+00 1.43079316801886391e+00 1.78103169354055457e+00 
-1.79635035747285587e+00 -1.45980878578157558e+00 1.46194857505230291e+00 
8.92654056062112233e-01 2.71531609014386388e-01 2.50692233023452982e+00 
-5.62210244143163340e-01 1.99119636302564817e+00 1.71438469918193648e+00 
2.01254297974036556e+00 -9.13087357387880161e-01 1.55768274576071164e+00 
-1.49662632905526571e+00 5.52924629520330058e-01 1.06093500028284948e+00 
2.75576190690942247e-01 1.65952063710580444e+00 9.17195784836050465e-01 
-5.57093652077675916e-01 -1.63366195769216871e+00 8.31861983973875674e-01 
1.79088492241723918e+00 -8.76870369583793274e-01 1.81300458902408335e+00 
-1.62756731776237817e+00 9.48146531154433703e-01 1.92260681846055426e+00 
1.05319790747584086e+00 -1.96433892957100431e+00 1.54652285479049656e+00 
-2.80364540343613466e-01 -3.25264459262027350e-01 2.64092898219930694e+00 
1.48282856098669402e+00 9.18041253781206601e-01 7.93485226488033102e-01 
-1.47942870785809655e+00 -8.97805371928480866e-01 8.22456869433582094e-01 
3.16862389074028472e-01 3.82540518959201048e-01 2.62760530511318713e+00 
-1.01663190193132169e+00 1.99807562124435467e+00 1.52210250533270663e+00 
9.62738993578469038e-01 -1.47199298973935866e+00 7.59979840507960192e-01 
-1.78844402547061176e+00 -6.87764290421287394e-01 1.89093777654122142e+00 
1.01680194275605817e+00 1.21149852930749713e+00 2.16562116937128391e+00 
-4.10696194807241510e-01 -1.89674481555737517e+00 1.86196950143653250e+00 
1.55019148638802129e+00 -5.08917169931736163e-02 1.12495132261284492e+00 
-1.87678803600360355e+00 1.54611681551287261e+00 1.28417581197389952e+00 
6.58442228607819313e-01 -1.38465422533055493e+00 2.20234157201129177e+00 
-8.49671478678864167e-01 5.99572956122155776e-01 2.46595791635377637e+00 
1.14435083496752754e+00 1.35974283543759977e+00 7.16072396872021955e-01 
-8.91495404301243854e-01 -1.42992527222387533e+00 9.12002603911875487e-01 
1.39750645166160825e+00 -5.18357582029870256e-01 2.22742718215832136e+00 
-7.50114232966657413e-02 1.44945572385878219e+00 2.24799961822444505e+00 
1.51353456755501781e+00 -9.63591197927767484e-01 6.72238206046769315e-01 
-1.67217029584277110e+00 7.89196826635903265e-02 9.32103682519375920e-01 
5.83774763574866837e-02 1.93695675472239759e+00 1.84973511285372916e+00 
-1.35722577309956227e+00 -1.12960172441102991e+00 2.03380455724228559e+00 
1.49435441942752845e+00 7.69133327223733176e-01 2.09226576317769197e+00 
-1.11236466014122737e+00 1.42775221085143711e+00 6.28782614942977935e-01 
4.58107041205576881e-01 -1.63031994542802172e+00 8.96322433008484132e-01 
-6.99106436190332969e-01 -9.16262508610671711e-01 2.41919557974036215e+00 
1.98495442160974278e+00 9.44691845465371105e-01 1.58061874323944718e+00 
-1.34276056378582820e+00 -1.17037725093581479e+00 7.05981762094668119e-01 
4.65634618645904885e-01 -2.45635923073878243e-01 2.62278670900316913e+00 
-9.75820271525261407e-01 1.62691684655430890e+00 1.90911836818913683e+00 
1.68815905467057359e+00 -1.36236096359856718e+00 1.63543460533631602e+00 
-1.70618235491292558e+00 4.09776838026093881e-01 2.02916250949946786e+00 
9.95567592469125184e-01 2.03795339688833232e+00 1.47786257617312611e+00 
-1.84451500171102095e-01 -1.58958870977660394e+00 1.05374781964765418e+00 
1.57632736653933248e+00 -3.96370958667818518e-01 1.01453496056110914e+00 
-1.53491035227437256e+00 7.39364618073382274e-01 8.76692227408779501e-01 
2.32508224499342275e-01 -1.85450781076835258e+00 1.92851793756925760e+00 
-1.25850702758540800e+00 -9.68267287249274800e-03 2.36387617051708965e+00 
1.48870707476255082e+00 1.69132338755460698e+00 1.52689832528112124e+00 
-1.75983826886484618e+00 -1.18282977470438699e+00 1.69147782791874191e+00 
1.01439039742909021e+00 6.65220631719837252e-01 2.38568612340947794e+00 
-2.95368069954455914e-01 1.57577939788005006e+00 1.04922642077149897e+00 
1.28582718421850228e+00 -1.26120663434265423e+00 6.53609491509720697e-01 
-2.06938002595565873e+00 -3.95944579088279791e-01 1.67103628843683549e+00 
6.04634859805484370e-01 1.49092054298937104e+00 2.14260791455437349e+00 
-8.12078777406015750e-01 -1.66256060750542312e+00 1.95735470124342403e+00 
1.92971178642675967e+00 1.92902875079296904e-01 1.85362229762102304e+00 
-1.36125571642916587e+00 1.85573300871629820e+00 1.46521832188814094e+00 
1.31509530735643909e+00 -1.07036672688405932e+00 2.08665088818845312e+00 
-1.27605311781932018e-01 9.11861050892412428e-01 2.51086698604982672e+00 
1.32613120249180239e+00 1.32720686089297324e+00 3.88712067928268290e-01 
-1.32632700050613805e+00 -1.31821544793703627e+00 4.17568928591860067e-01 
1.64762567472712285e-01 -8.58599115347647657e-01 2.53026442040518740e+00 
-1.27899223220183389e+00 1.12055821640469655e+00 2.07963837571507115e+00 
1.39672411621033254e+00 -1.81749864977438613e+00 1.48200352336722463e+00 
-1.90953575316230850e+00 -1.44005339863129106e-01 1.88046380045257111e+00 
8.35666092782386793e-01 1.69511151247003111e+00 1.91215085343392777e+00 
-5.76088699905488610e-01 -1.45150556347906545e+00 2.18311765819964920e+00 
2.08596030377776076e+00 4.40817985089055675e-01 1.64069823561705674e+00 
-1.26444804573543279e+00 1.28603792821634899e+00 6.46897732568022632e-01 
3.18706612368524933e-01 -1.55538601805626109e+00 1.07256679029535018e+00 
-9.85026296008477464e-01 -6.13549460312960870e-01 2.41495904167259390e+00 
1.77296086044255330e+00 1.21889146343796329e+00 1.64915327108249232e+00 
-1.47854763785495402e+00 -1.66692435928536820e+00 1.57658691298954357e+00 
1.28871044549399083e+00 6.47485831811628332e-02 2.34494446168509851e+00 
-1.98187538580923056e-01 1.88726244428275214e+00 1.89148918189414661e+00 
1.55218464443120063e+00 -7.07640504996141395e-01 8.72448757725974744e-01 
-1.56100505998377082e+00 4.29986178461055690e-01 1.02448727596506761e+00 
2.03317367410426664e-01 1.60625652196918312e+00 1.02459803011598694e+00 
-9.79221064398910990e-01 -2.01899469622490235e+00 1.52727081523564356e+00 
1.73398320832731390e+00 -3.56972927381588256e-01 2.01506985390055160e+00 
-1.65485488958932692e+00 1.40782162540572942e+00 1.62932297965970174e+00 
1.01361302677064824e+00 -1.58494498913978377e+00 1.93008849816406935e+00 
-4.28362574498507842e-01 3.03759516854776257e-01 2.62278488367038376e+00 
1.34539235630355503e+00 1.18522828583277251e+00 6.75538605587186813e-01 
-1.97086686616149764e+00 -9.05010051763207146e-01 1.61776390317905983e+00 
7.29798335277150212e-01 9.65392097520162196e-01 2.38691629165353802e+00 
-4.34948272632729227e-01 1.64835662221696966e+00 8.74608218406431437e-01 
1.10170554183357972e+00 -1.46245973413657548e+00 5.64495805740981460e-01 
-1.45679515329018994e+00 -9.02936493197951107e-01 2.07310445492067608e+00 
1.39727632328848883e+00 9.99597406005939715e-01 2.06451606075231675e+00 
-2.60613097685434905e-02 -2.02926918795472977e+00 1.76090374744300115e+00 
1.67884384585552704e+00 -1.58919570513042424e-01 9.09630145123707545e-01 
-1.54441559692521246e+00 8.97108661341783464e-01 6.93668222781249511e-01 
3.98461818958458988e-02 -1.56850646801242632e+00 2.17531451036761680e+00 
-1.43319088962824792e+00 3.78644967933178145e-01 2.23210678489907544e+00 
1.26901401629118182e+00 1.96440680700013881e+00 1.39457162574883564e+00 
-1.13445027778242902e+00 -1.39979088319123202e+00 6.51772306983722349e-01 
8.09996305621463519e-01 -7.43063826262805760e-01 2.44199580677422112e+00 
-7.00114365760936663e-01 1.25840521883805523e+00 2.25872114728273221e+00 
1.83556452920904589e+00 -1.64966123638227558e+00 1.24280960574486876e+00 
-1.56279656721811833e+00 -3.56741383830385533e-02 1.10796811096651071e+00 
3.85307517819632794e-01 1.79773946244432459e+00 1.95048968080008178e+00 
-1.03732199627055577e+00 -1.33238298798028221e+00 2.09442806385023905e+00 
1.77209298211565169e+00 5.62035382600749589e-01 1.93852137753131548e+00 
-9.99326648811152185e-01 1.42090952667984349e+00 8.08431478570162176e-01 
6.84753893716581685e-01 -1.47016297373647853e+00 1.02026076336939386e+00 
-3.52392703477305058e-01 -5.31177039397071393e-01 2.59928295883954341e+00 
1.48721329388003687e+00 8.34848729761816566e-01 8.73168544153061221e-01 
-1.47283140951573932e+00 -9.76098513857965755e-01 7.41079226510199085e-01 
2.43680363802693173e-01 1.74070055054582035e-01 2.65749488492306396e+00 
-1.10036227294538658e+00 1.87209907701490308e+00 1.61864992298096033e+00 
1.58727807149073463e+00 -1.07448710923651691e+00 1.89563541239902689e+00 
-1.82691181537933800e+00 7.50023795327997123e-01 1.82781705956168605e+00 
5.51987514312026750e-01 1.59636864519839294e+00 9.04497662931132762e-01 
-2.97990917143062084e-01 -1.64217042156324200e+00 9.41104037511180325e-01 
2.09590639786412725e+00 -7.38910990502656184e-01 1.53003452557733710e+00 
-2.02595732113328753e+00 9.52075346153050561e-01 1.52072785201062377e+00 
5.37129698219931950e-01 -1.96435131883089276e+00 1.75902819057419202e+00 
-9.28544132457829297e-01 -2.14540478252596811e-01 2.50171774347970688e+00 
1.76009505831612456e+00 1.50016296793564563e+00 1.45265127527857296e+00 
-1.48291926731826407e+00 -1.38743332673593134e+00 1.79375513215856142e+00 
1.34017016116768306e+00 4.55002674290388043e-01 2.27304734246145390e+00 
-1.26354727684595020e-01 2.12154845340834308e+00 1.63280114767079709e+00 
1.36096035959496930e+00 -1.26464766512752025e+00 4.68670750394610258e-01 
-1.63224007186055409e+00 -3.71184612435152383e-01 9.32316159294058089e-01 
1.34347313206104879e-01 1.34423700020635351e+00 2.30916953195553987e+00 
-1.20327793234366021e+00 -1.74944277062048958e+00 1.69190297018280411e+00 
1.58233943174105685e+00 1.46052606057060566e-02 2.16112868304733174e+00 
-1.73152039476798358e+00 1.64954201986309590e+00 1.34783306100299161e+00 
8.63042909228992183e-01 -1.28587871351108296e+00 2.19275085921555624e+00 
-6.36946181296032976e-01 7.05815198368339947e-01 2.50091927135993197e+00 
1.20629094347955745e+00 1.35651811495591845e+00 6.13123032557450931e-01 
-1.88459063500587209e+00 -1.83851779496258061e+00 9.76032656827665157e-01 
5.36082325598366549e-01 -4.51520789887432050e-01 2.58234882848222824e+00 
-9.35112928905424301e-01 1.48321470183282034e+00 2.03527894425349354e+00 
1.70649895410966912e+00 -1.49670500864215339e+00 1.51596987860425614e+00 
-1.66129636131874747e+00 2.26546807043409265e-01 2.09211787148292938e+00 
1.07889959481768249e+00 1.91609796247081876e+00 1.57646522318736348e+00 
-2.45096076658141426e-01 -1.11820250268131827e+00 2.42214781927875800e+00 
1.58159233592519355e+00 5.18060209945322092e-01 9.49409496155848909e-01 
-1.26359993974581486e+00 1.37036239514602132e+00 4.43419877566215148e-01 
1.87440651547761766e-01 -1.62841569058651237e+00 9.92132768522341668e-01 
-1.16909188268635877e+00 -7.93857076333802647e-01 2.28047965446882106e+00 
1.65149113710011841e+00 1.08779006820609481e+00 1.83420110904549993e+00 
-1.59383574809519946e+00 -1.76359653437551556e+00 1.38354576480392866e+00 
1.09656514273914785e+00 -1.36074347045749722e-01 2.43726311104575943e+00 
-3.99884881086569777e-01 1.74538575679022645e+00 1.99426902562237585e+00 
1.45958417296272125e+00 -8.32076982354147177e-01 9.21119442336306937e-01 
-2.02341434947368626e+00 4.68881453274060056e-01 1.70579334359613854e+00 
4.18734503566861205e-01 1.52152768875306776e+00 1.08665265722638593e+00 
-4.76360720814444527e-01 -1.52954878942288275e+00 1.05107566521965534e+00 
1.95847602571611024e+00 -5.14742782252899156e-01 1.76825472330237465e+00 
-1.42285312746152059e+00 1.30350929749019429e+00 1.88452797612422085e+00 
1.27617621336099929e+00 -1.68494599887905649e+00 1.69779866307610772e+00 
-5.63928636007829456e-02 9.53490067893135174e-02 2.67229191273905275e+00 
1.48408039195496078e+00 1.05198736407987448e+00 6.01686850120469074e-01 
-1.59291312790047446e+00 -6.80556470958290971e-01 8.18944287711885655e-01 
9.18848219039712227e-02 7.90178658039113357e-01 2.55308106456954498e+00 
-7.82237579612434342e-01 1.52659117776295372e+00 8.53711212644651773e-01 
1.31165865333720699e+00 -1.94555275265170069e+00 1.39858660331036444e+00 
-1.94904839302602406e+00 -3.20270692057396222e-01 1.82085802890109982e+00 
7.91606853586560355e-01 1.55386709172940662e+00 2.04000846194396912e+00 
-6.29026208951881993e-01 -1.60424069327004948e+00 2.06254137967862272e+00 
2.05412087030106472e+00 2.73589946551186791e-01 1.70780346011646023e+00 
-1.32171616909749456e+00 1.20412449103910268e+00 6.88730475587416291e-01 
4.72180297435828678e-01 -1.04245717012451289e+00 2.42178159838661866e+00 
-1.02819404728729857e+00 9.69644473704432408e-01 2.27703793870843940e+00 
9.97030445450001190e-01 1.51267146530835483e+00 6.23662102796419537e-01 
-9.22259455628155034e-01 -1.54252313169869626e+00 6.64273267756357422e-01 
1.18595723264881037e+00 -9.67063796714387358e-01 2.20499634633876074e+00 
-2.94202989647081303e-01 1.03595208164560737e+00 2.44858862980959824e+00 
1.37683946084756115e+00 -1.17863802905055448e+00 6.21550146895344380e-01 
-1.60493965155808227e+00 -1.89886808045064331e-01 1.02922825678460783e+00 
2.64358118940686171e-01 1.61043214240631816e+00 2.12239394360526434e+00 
-1.13057645444216703e+00 -1.52855861981738173e+00 1.91650107521094992e+00 
1.68346014877583450e+00 3.26478894396199704e-01 2.06042810210920901e+00 
-1.58152104392578030e+00 1.87762264691060743e+00 1.24986033061575585e+00 
5.82878430531495018e-01 -1.57277650198862662e+00 9.26188911394626890e-01 
-4.92373971345450467e-01 -7.95505256035036856e-01 2.50920664962904638e+00 
1.47081531752722516e+00 7.18227026899058041e-01 9.96017735352052735e-01 
-1.86530867388275978e+00 -1.66725759995738443e+00 1.19627919218341705e+00 
6.84055547824429011e-01 -1.05320382751005526e-01 2.58385772627218202e+00 
-7.78689496764033651e-01 1.74127460367788101e+00 1.89433974179489351e+00 
1.84411559998286934e+00 -1.22930471066312608e+00 1.57115684824531265e+00 
-1.53875679885162620e+00 5.44977493812035085e-01 2.12787906825816009e+00 
7.99805451521060862e-01 1.46582263756259046e+00 9.39613923110469096e-01 
-6.06181951315541492e-02 -1.54852838990141950e+00 1.12675833685183568e+00 
1.64860540352726215e+00 -3.09544580457123020e-01 9.26002951262651308e-01 
-1.54017894251217258e+00 7.95358024024758303e-01 8.16366050395484377e-01 
1.70729598461135834e-01 -1.76510990147303048e+00 2.01525296082305028e+00 
-1.31976803720180014e+00 1.22215495441165431e-01 2.32718631598610992e+00 
1.41620646717667165e+00 1.78713009439341874e+00 1.48799481301179681e+00 
-1.82209957411304924e+00 -1.06703651768979091e+00 1.69622858257636699e+00 
9.41353454752065999e-01 7.96974854497583540e-01 2.37550193755393124e+00 
-3.29000677159373200e-01 1.61429764848746760e+00 9.78264149447024445e-01 
1.18222161143400961e+00 -1.41719923671663617e+00 5.14876173934045833e-01 
-2.07628808728922021e+00 -7.77496726307971731e-01 1.54597045186394588e+00 
5.62328299394934228e-01 1.09613487656031139e+00 2.37530726853641605e+00 
-8.23977311559264458e-01 -1.96376497083717427e+00 1.66438410527604286e+00 
1.88365601551725503e+00 -2.27401975504066378e-01 1.89667790557684546e+00 
-1.48516080969633313e+00 1.53634132683835589e+00 1.67201069223465626e+00 
1.20699317663217287e+00 -1.46100074414514292e+00 1.92055895929255405e+00 
-2.05103723990901460e-01 4.43793179232921720e-01 2.62931277688691845e+00 
1.38864226146752601e+00 1.19654312316872513e+00 5.57813870068495365e-01 
-1.28683681659886595e+00 -1.31709958882726719e+00 5.29621345994988668e-01 
3.85718266357015283e-01 -7.23839389678329059e-01 2.54789091945619095e+00 
-1.08487687450513448e+00 1.25411459291607130e+00 2.11171512683654150e+00 
1.56890003148117474e+00 -1.70061600452778050e+00 1.46061927256255575e+00 
-1.76761044258892475e+00 -2.44938077673722415e-02 2.01694531831630774e+00 
1.00091929730779938e+00 1.76541847432321974e+00 1.77541106035802554e+00 
-3.78344580405665820e-01 -1.35042040970202648e+00 2.28550735344887412e+00 
1.55510665162165518e+00 3.80356387837162968e-01 1.05269720712574921e+00 
-1.16624766622314802e+00 1.36515501853281118e+00 6.68892551894954446e-01 
6.33944212649911076e-01 -2.10466127984271711e+00 1.56265380988663205e+00 
-7.84654369069197943e-01 -4.88431860140634500e-01 2.51294933324911218e+00 
1.88834947631295869e+00 1.28700324972456714e+00 1.48302597176803808e+00 
-1.33942164501939720e+00 -1.60446822336918360e+00 1.73256454509037239e+00 
1.46707544171091331e+00 1.92605853735183630e-01 2.23173462330432804e+00 
-5.26356739629839972e-03 1.97284378489005530e+00 1.81251778416895371e+00 
1.62711390304864878e+00 -6.17977644022804085e-01 8.01126124633706582e-01 
-1.65361688743902779e+00 4.76059333425376208e-01 8.42684870050395829e-01 
1.69099525061049919e-03 1.65240313586497023e+00 9.69927887368684072e-01 
-8.12318279886615202e-01 -1.54147540163827412e+00 7.96989139124854029e-01 
1.44306460754530130e+00 -8.07383850639189049e-01 2.11564577132414300e+00 
-1.93622073578388698e+00 9.98774361394181742e-01 1.60330871517108386e+00 
6.69584925724746149e-01 -1.93353921536403117e+00 1.75245781503639919e+00 
-7.81398800421250761e-01 -1.82216396706353534e-01 2.55332663228042556e+00 
1.84788197164471435e+00 1.49753546994584519e+00 1.36079906995573818e+00 
-1.47124076272382176e+00 -8.45881603375499114e-01 8.89457149472376751e-01 
3.98121659098712610e-01 5.18766253836916325e-01 2.59297650656874357e+00 
-9.35785806184347480e-01 2.07866153937526166e+00 1.46185471148100010e+00 
1.01689624883898810e+00 -1.41799832478433063e+00 7.91455532283925289e-01 
-1.74206160243708830e+00 -5.75692227069406259e-01 1.96464206970188249e+00 
1.07472384984420954e+00 1.31618458874002076e+00 2.07904020710376614e+00 
-3.45353676369230256e-01 -1.81182578597502264e+00 1.95397065420556881e+00 
1.57802463074219879e+00 2.88297285040468969e-02 1.08637295672440870e+00 
-1.45147666412615073e+00 1.05804084109166729e+00 6.67056340690995841e-01 
1.91209332807777632e-01 -1.29058464575336007e+00 2.34071241999032820e+00 
-1.28925776263491243e+00 7.03592382275962658e-01 2.24210132925892447e+00 
9.19443580115392844e-01 1.47654347719549861e+00 8.03518482993900607e-01 
-1.63298707387360298e+00 -1.90007831098841340e+00 1.19052759177123035e+00 
9.66612411391416848e-01 -4.07470667905266204e-01 2.46254648549705069e+00 
-5.37727175171592742e-01 1.54097042112771554e+00 2.12521663883379164e+00 
1.97269364551638438e+00 -1.39823736764064654e+00 1.29756215973189937e+00 
-2.10852298474618305e+00 2.34042493008889907e-01 1.64553071729111466e+00 
4.98228225625128029e-01 2.00041540457251310e+00 1.72056211670950221e+00 
-9.28673642428615054e-01 -1.05639250835493992e+00 2.28513006984285516e+00 
1.84699619678196170e+00 8.37816215133091124e-01 1.77562862226545448e+00 
-8.85194756392245652e-01 1.54325903723445390e+00 7.11323327908387038e-01 
7.09622801152527516e-01 -1.59914248321941521e+00 7.81266848153744808e-01 
-1.90376346483373815e-01 -9.94669811481113442e-01 2.47920933259950260e+00 
1.58664349881543632e+00 5.83652155987580357e-01 9.01727041878285673e-01 
-1.43711674156744618e+00 -1.13732445929067305e+00 5.58916483012040666e-01 
1.03054510500620047e-01 -3.17295543491454723e-01 2.65440270590505945e+00 
-1.26903346911907589e+00 1.53943202814602387e+00 1.82062095811645208e+00 
1.43113440952463788e+00 -1.46189758869968878e+00 1.77385558614514749e+00 
-1.94155154986165424e+00 3.32709376506624854e-01 1.82378177741591241e+00 
7.28290101745551421e-01 2.03774612463347671e+00 1.60602520655513747e+00 
-3.79950767503884956e-01 -1.59472730681715325e+00 9.91807098553807331e-01 
2.03506301905794595e+00 -6.43567027012871495e-01 1.64269983978320555e+00 
-1.46911371090315357e+00 7.30912056149631950e-01 9.89278302697621403e-01 
4.29327165767419749e-01 -1.88908976489945557e+00 1.86320203094469905e+00 
-1.05630459415841704e+00 -7.74989672762022991e-02 2.45882731678688948e+00 
1.65196321422232395e+00 1.61247931679443979e+00 1.45856946749751604e+00 
-1.59788480795571308e+00 -1.26583877210400053e+00 1.78385615464689162e+00 
1.21859664160837688e+00 5.89728838267116973e-01 2.30995149427640456e+00 
-1.67738423237451084e-01 1.56168012250108545e+00 1.09736871922413171e+00 
1.34550863206133942e+00 -1.24575059772764352e+00 5.55797678014622321e-01 
-1.59395287976859623e+00 -3.05130856515909765e-01 1.01853250662709360e+00 
2.78873733955030845e-01 1.45247443021781786e+00 2.23041501552642796e+00 
-1.09945002487160370e+00 -1.67584527543146344e+00 1.81647154929698740e+00 
1.69507972671035323e+00 1.39446554611928702e-01 2.07067333618034999e+00 
-1.61151580039165410e+00 1.75985774296677122e+00 1.35482184350436596e+00 
1.01040844503201033e+00 -1.15928320227503701e+00 2.20048605511582007e+00 
-4.81535650499386403e-01 8.40886128506766362e-01 2.49351006688075039e+00 
1.23433857685589543e+00 1.37036112141297117e+00 5.19343589718743615e-01 
-1.15496968660165655e+00 -1.42606563919449125e+00 5.50981764958589193e-01 
6.73196504579371524e-01 -9.09191160346167759e-01 2.42784262086441283e+00 
-8.36170334477306709e-01 1.10360219129246806e+00 2.29339630123982774e+00 
1.72591727182319765e+00 -1.77740613751817844e+00 1.23046884882154539e+00 
-1.54641855696713271e+00 -2.17353181221109915e-01 2.17935462771790700e+00 
1.26284418530133458e+00 1.59193611203263408e+00 1.77963892342700047e+00 
-8.87869568352467886e-02 -1.52206960060470586e+00 2.20624652219098660e+00 
1.65601798828552460e+00 2.52214178564728664e-01 9.30156718076307509e-01 
-1.42484568889137764e+00 1.17992242507364598e+00 4.98795472345915758e-01 
2.97088851422070976e-02 -1.59150575217275958e+00 1.06650171707383090e+00 
-1.41278312017859253e+00 -6.50804329195588172e-01 2.18714753281681151e+00 
1.43113848853424508e+00 1.22997530838573899e+00 1.92295228358585724e+00 
-1.79278749544419935e+00 -1.63077987331846574e+00 1.31624972905054571e+00 
8.34430508677944327e-01 -1.43112873253081773e-03 2.54149377549996869e+00 
-6.37919070163134649e-01 1.82086777376615183e+00 1.86905631636455505e+00 
1.94677323186554996e+00 -1.12982120935563324e+00 1.51771993773564962e+00 
-1.53835885455401566e+00 3.97430957220948400e-01 1.07084067836186581e+00 
2.52117206032212382e-01 1.58182508198061456e+00 1.05141115364843718e+00 
-9.07123699858337962e-01 -2.06349283942114559e+00 1.50698085248369873e+00 
1.78722923249043530e+00 -4.13951465364950200e-01 1.95885110128066264e+00 
-1.60891084730546874e+00 1.37001403577467151e+00 1.69716859782455942e+00 
1.07314299794101453e+00 -1.62519086778869437e+00 1.86844347486003737e+00 
-3.45790819162958396e-01 2.34837543759734174e-01 2.64190046921606925e+00 
1.38190181021641423e+00 1.14737248406427450e+00 6.67145305993812165e-01 
-1.56286129463432899e+00 -6.29333384822007402e-01 9.12470905869983584e-01 
2.45560636458846959e-01 9.18394312925462142e-01 2.49963991337391400e+00 
-6.92591506953671554e-01 1.58381030818979651e+00 8.26475046050507367e-01 
9.25958501520700028e-01 -1.50098707671571874e+00 7.48891005801742060e-01 
-1.82502283025773537e+00 -7.40081765427062388e-01 1.83916313666320885e+00 
9.66576862729930819e-01 1.15896004379370443e+00 2.21488427861892045e+00 
-4.61694893782201521e-01 -1.93569617903735236e+00 1.81155961934758336e+00 
2.13940725220819905e+00 -1.28606655702677430e-01 1.61626818690663110e+00 
-1.92311086167172318e+00 1.49042399996220665e+00 1.27858365310115096e+00 
5.95929385963592906e-01 -1.44319622085285060e+00 2.18264686213861481e+00 
-9.11843182783330208e-01 5.31214658818217722e-01 2.45959171669027032e+00 
1.13058567466750692e+00 1.34727253283158621e+00 7.60152513704312471e-01 
-9.11892420950808025e-01 -1.44435683425347960e+00 8.68034928752607349e-01 
1.34198815908518099e+00 -5.85106335907780273e-01 2.24514371616732555e+00 
-1.36477392313999080e-01 1.39359922727892482e+00 2.28006315516549218e+00 
1.48596292520635775e+00 -1.00055486512273917e+00 6.79708199426919735e-01 
-1.65027215183873155e+00 4.20027764175683951e-02 9.72644169887211252e-01 
1.31179449548077420e-01 1.89402349528807856e+00 1.89002781795773567e+00 
-1.28496590702252744e+00 -1.19420063836768753e+00 2.04341646625927398e+00 
1.56166964609361991e+00 7.02532219464334196e-01 2.06683321223206207e+00 
-1.09255301247598346e+00 1.42083244885315318e+00 6.77319833455664266e-01 
7.68045022107605391e-01 -2.03860463013399151e+00 1.59671380679706543e+00 
-6.36399728503151296e-01 -3.90103731665459585e-01 2.57038762112695895e+00 
1.96110541394775750e+00 1.33407662469087196e+00 1.36169561191403954e+00 
-2.00249634838584356e+00 -1.37597525795534881e+00 1.28594707639755579e+00 
5.46927077847843446e-01 3.11061163834008947e-01 2.59925079453416830e+00 
-8.47877276137833591e-01 1.98260092045954206e+00 1.62156052077801061e+00 
1.80574976851326086e+00 -9.28935155526413481e-01 1.77547708924345837e+00 
-1.61000637787072121e+00 8.94147789304645446e-01 1.95991243297267692e+00 
6.86992857686124170e-01 1.60386622363114206e+00 7.91740512895630411e-01 
-1.31609123168229564e-01 -1.67159956342891758e+00 9.27163970298644502e-01 
1.58122149827702851e+00 -5.36664226926034216e-01 9.39643108047536368e-01 
-1.53809447441704861e+00 6.11076106046136824e-01 9.65427609903526829e-01 
2.93876277453816726e-01 -2.01771474862626610e+00 1.75089191614789597e+00 
-1.18423508220070728e+00 -2.76547207193258870e-01 2.38672022649187809e+00 
1.58683367005556009e+00 1.49667771871923017e+00 1.61751924898095312e+00 
-1.67093872559087475e+00 -1.39870875409579876e+00 1.63157727970623556e+00 
1.09889495871047171e+00 4.00186915817540845e-01 2.40670512165799222e+00 
-3.63736072258297682e-01 2.07824593768296051e+00 1.65784005744514196e+00 
1.26654950173897651e+00 -1.33346588444439806e+00 5.37512961931592592e-01 
-2.00892697254320707e+00 -6.28282915240737760e-01 1.68346855246206717e+00 
6.96595270097093544e-01 1.26539543435988433e+00 2.25502569306700584e+00 
-7.17358828219282763e-01 -1.85293217544182687e+00 1.82189680686713662e+00 
1.98129784648102847e+00 -4.55835021793472225e-02 1.80797898221746833e+00 
-1.34396148320817077e+00 1.69676406821934767e+00 1.63793923399896357e+00 
1.35226495124603785e+00 -1.28542796225604739e+00 1.94698460751971170e+00 
-4.63006261027483143e-02 6.48922928426068801e-01 2.59381974889730404e+00 
1.39569636819586207e+00 1.23509865509866890e+00 4.44704451917387500e-01 
-1.42196242199691913e+00 -1.19317995819772160e+00 4.74914252640140033e-01 
2.79467448846066474e-02 -5.24864375401271621e-01 2.62370052693302824e+00 
-1.35033159464122932e+00 1.37889197921310003e+00 1.88433588463514545e+00 
1.34937061131323421e+00 -1.61649679135010338e+00 1.70855642535474006e+00 
-1.99088452615363476e+00 1.53520183855411357e-01 1.79299228852014791e+00 
6.88791942451076666e-01 1.92652332975758145e+00 1.74618281814715148e+00 
-7.22242738790791039e-01 -1.15963366553176583e+00 2.30819988877283100e+00 
1.98809020228617839e+00 7.31993880019454535e-01 1.66948910954111307e+00 
-1.25077624290232325e+00 1.36605337354350409e+00 4.90567080426688118e-01 
2.30439016740688979e-01 -1.64522408964254740e+00 9.54638488643863470e-01 
-1.09340739402538301e+00 -8.61452372754320184e-01 2.29341927551044300e+00 
1.71508199516820903e+00 1.02328562703424453e+00 1.81287942516210121e+00 
-1.52813908894315076e+00 -1.81768331859104904e+00 1.38439240259811114e+00 
1.16889477547938991e+00 -2.01930556879804102e-01 2.39945904588119152e+00 
-3.29235959657998734e-01 1.70088989787512590e+00 2.04308263985648031e+00 
1.47774540972527224e+00 -8.53995115085901535e-01 8.70723800652140389e-01 
-1.61859239886996620e+00 2.71745607087002627e-01 9.88692096117941510e-01 
1.84120171966511870e-01 2.12452012146858404e+00 1.62405316337632954e+00 
-7.32513194270438595e-01 -1.50551060737632159e+00 9.31698084614271504e-01 
1.62281321770058984e+00 -6.09167446081948283e-01 2.04986129357069391e+00 
-1.77972440347686112e+00 1.18581084003877879e+00 1.66192830237696776e+00 
8.71202265985262847e-01 -1.78664493623080545e+00 1.82251836607729856e+00 
-5.67223676989447534e-01 2.46719431739765883e-02 2.61450918077788552e+00 
1.93666147760427654e+00 1.59038002409302059e+00 1.16611039878520772e+00 
-2.01670825252403230e+00 -1.09571545007658822e+00 1.46124275222461675e+00 
6.09932164836229251e-01 7.14668495670996107e-01 2.50420203649584394e+00 
-5.27960594451614473e-01 1.55872638690315135e+00 9.81238376264885637e-01 
1.64426605030147543e+00 -1.90580491805323837e+00 1.16300754656837846e+00 
-1.59539572028534260e+00 -4.04459381026300524e-01 2.11901666271056355e+00 
1.23186156049620599e+00 1.45268750381784550e+00 1.90590259800779438e+00 
-1.53860514481632626e-01 -1.67527539073480791e+00 2.09076993837386071e+00 
1.64235042263351749e+00 1.42051640672003682e-01 9.76578471109568746e-01 
-1.43936160296523386e+00 1.12231882687506768e+00 5.82956015774713010e-01 
1.22805970098080267e-01 -1.11214133974242801e+00 2.43350875421713431e+00 
-1.33487245551357891e+00 8.82453202339753551e-01 2.15375768587901240e+00 
8.59753931739280941e-01 1.54543309049816213e+00 7.37332238023641562e-01 
-1.09323898547735565e+00 -1.43283534723260475e+00 6.50392556791717369e-01 
8.83479588633584112e-01 -8.03650201119526009e-01 2.39791092793297711e+00 
-6.27960191581924287e-01 1.20481602508370456e+00 2.30721240424375607e+00 
1.87055571026721901e+00 -1.67696777411460829e+00 1.17339195016492193e+00 
-1.53385935569126408e+00 -7.64384709224014136e-02 1.14570141254090663e+00 
4.61510064610642756e-01 1.74789025122224206e+00 1.97969768028541360e+00 
-9.60763439439909939e-01 -1.39414127876174643e+00 2.09040368546613475e+00 
1.83043878212240352e+00 4.97114425713329033e-01 1.90151866192468910e+00 
-9.73470466059645712e-01 1.41001116185497977e+00 8.57567994231821618e-01 
7.19633329412421752e-01 -1.48494815182034312e+00 9.73784343261353103e-01 
-2.68683548006894257e-01 -6.00096497910903914e-01 2.59435338220135092e+00 
1.52092084047758225e+00 7.92688398407858208e-01 8.54192009800696650e-01 
-1.43821394319098239e+00 -1.01633204266522692e+00 7.54856888582053132e-01 
3.27712409859845233e-01 1.03755973812572747e-01 2.65222203844891302e+00 
-1.04573918729830018e+00 1.83944849742694272e+00 1.68204389171288771e+00 
1.63770041574906489e+00 -1.11976079987910371e+00 1.83056973593841366e+00 
-1.77877766946442684e+00 6.99704245626036281e-01 1.89045892209320732e+00 
6.00272226113087060e-01 1.56879888395251554e+00 9.21814735097776783e-01 
-3.87782205874220687e-01 -2.05736862541995746e+00 1.69141060370084140e+00 
1.54775859541023597e+00 -2.10020010375859711e-01 1.10974502258503516e+00 
-1.91337814965646524e+00 1.36477967811409706e+00 1.39516435811022221e+00 
6.48241899443761982e-01 -1.59576317856050509e+00 2.06170519901680072e+00 
-8.48783274996619985e-01 3.31894231878488877e-01 2.51605369252586764e+00 
1.71747159075682276e+00 1.82527401209039430e+00 1.16896401624503832e+00 
-1.48128926273009065e+00 -9.58035726421904821e-01 2.03338696342818981e+00 
1.37206462277099539e+00 9.44595280817099980e-01 2.10460414299890441e+00 
-3.80597756004187673e-02 1.68673940155627777e+00 9.08108327401317639e-01 
1.32257337404012310e+00 -1.34430123529516998e+00 3.38899614400501314e-01 
-1.62413060524639419e+00 -5.44267845320034138e-01 8.58586850137755597e-01 
7.52101953935848666e-02 1.04659027675705452e+00 2.45995487309536509e+00 
-1.20162184406226080e+00 -1.94896980022461164e+00 1.48305216153486974e+00 
1.52881541831237633e+00 -3.05258259899217232e-01 2.17929379015265656e+00 
-1.82351423474144858e+00 1.41228842792764353e+00 1.45927227700134399e+00 
7.79447188683790260e-01 -1.55982025683284409e+00 2.04586262722259171e+00 
-7.07793277635206053e-01 3.68704765247422517e-01 2.55374890883023786e+00 
1.79605706140750043e+00 1.81870491685731883e+00 1.08758062483297979e+00 
-1.24977349063240717e+00 -1.35106547951056855e+00 5.32810831125052342e-01 
4.65530399107694448e-01 -7.87830735282200267e-01 2.51579249006938355e+00 
-1.02062475099667971e+00 1.20467916804368569e+00 2.16910046777774834e+00 
1.61189095346110833e+00 -1.73075274807379675e+00 1.39229867250797557e+00 
-1.71011083477204107e+00 -8.72318572436831113e-02 2.06391443874961888e+00 
1.07468589939891812e+00 1.71134096470187624e+00 1.78690023195082515e+00 
-2.98346320117163943e-01 -1.40912714779821990e+00 2.26189922459882320e+00 
1.58534083457791963e+00 3.37697785364144132e-01 1.02169160393767644e+00 
-1.34120325464245149e+00 1.26066133774394329e+00 5.32076978294448222e-01 
1.58595205484207608e-01 -1.54272363136032165e+00 1.12518907194153295e+00 
-1.23854108207095104e+00 -5.36040964828592204e-01 2.31631632269947607e+00 
1.57437500071751679e+00 1.30872773451347624e+00 1.76662683914431762e+00 
-1.67905647705531691e+00 -1.57812921427112185e+00 1.48108643916418670e+00 
1.03847893036745864e+00 1.33891612951560213e-01 2.46189662873755033e+00 
-4.40865818004521903e-01 1.91960815304832577e+00 1.82222072817644443e+00 
1.46886027638328498e+00 -7.03801893700633840e-01 1.00911420189363388e+00 
-2.04005747515336244e+00 6.87695487131428584e-01 1.62005564360395726e+00 
3.66598128516088306e-01 1.61286831077937998e+00 9.67192180401069579e-01 
-4.84253015843970069e-01 -1.62866756867953710e+00 8.85516830418433765e-01 
1.89472451486395688e+00 -8.04398364715855574e-01 1.74027513521440058e+00 
-1.50773846670647882e+00 1.02113676124154273e+00 1.98000701719427097e+00 
1.17915631874686833e+00 -1.90610842172124495e+00 1.53692162928667919e+00 
-1.21925264732904631e-01 -2.56164133517832682e-01 2.66022404003451118e+00 
1.51796917329137804e+00 9.25773087448827026e-01 7.14081836395074498e-01 
-1.52899208371774908e+00 -8.49167480730045221e-01 7.82494017341889281e-01 
1.77135220224279855e-01 4.52524011691936956e-01 2.62958568298857687e+00 
-1.10951655331694199e+00 2.01976757523758765e+00 1.44283295197882122e+00 
9.12957782691885877e-01 -1.47021357379039852e+00 8.22301175994284872e-01 
-1.88145424536788330e+00 -6.18266591604204718e-01 1.82386922725535916e+00 
8.91541572389709658e-01 1.27898968600670204e+00 2.18060902489013797e+00 
-5.33394833601590013e-01 -1.84611850159211577e+00 1.88364107396595659e+00 
2.10294049829616281e+00 -1.55155638211017348e-02 1.66685595335364800e+00 
-1.94037037675655455e+00 1.56473823764063535e+00 1.18641747481231419e+00 
5.35988937882553196e-01 -1.33620010703508041e+00 2.26271634058990090e+00 
-9.73711859912026356e-01 6.59469966079949899e-01 2.40490998862646022e+00 
1.08122684678771730e+00 1.40254721432346230e+00 7.31443030560678387e-01 
-1.38275585022620628e+00 -1.99339138193314880e+00 1.29692683122856112e+00 
1.28743225475418455e+00 -4.60645539897800493e-01 2.30354671780398634e+00 
-2.03122342306137099e-01 1.50160647888988130e+00 2.20615204019218858e+00 
1.48518736128543183e+00 -9.55166680371984267e-01 7.43689588579794614e-01 
-1.58202707807169607e+00 1.22226001457250322e-01 1.07398799732236672e+00 
3.16971425682792407e-01 1.97106884413903760e+00 1.78965402013355424e+00 
-1.11582874455349601e+00 -1.09969385023329869e+00 2.18325896330469860e+00 
1.70830272409721662e+00 8.02390951065122038e-01 1.91622903977547177e+00 
-9.85957282482259223e-01 1.49339337510681491e+00 6.84736119891508510e-01 
6.17994674874054017e-01 -1.58494651867580161e+00 8.81604335482518264e-01 
-4.09742012662600630e-01 -8.62614179161941053e-01 2.50194323606483637e+00 
1.50554833397503396e+00 6.74797826910452980e-01 9.74254174452814037e-01 
-1.80725480307400610e+00 -1.72405449330864080e+00 1.20615806085088928e+00 
7.63520640360310088e-01 -1.73723263283043050e-01 2.55803521335093942e+00 
-7.14641925274313916e-01 1.70104312240835487e+00 1.95169849770900461e+00 
1.88388750492710511e+00 -1.26689798211181848e+00 1.50250350291474200e+00 
-1.47880663553718050e+00 4.86954149364282496e-01 2.18220063393350205e+00 
8.47657006494398568e-01 1.43273747408170804e+00 9.48651684908494608e-01 
-1.23507952275744830e-02 -1.57212416472062322e+00 1.09520416276397214e+00 
1.66680861559906957e+00 -3.41488409860979669e-01 8.81098061779809094e-01 
-1.59585036234891531e+00 7.42811470523195294e-01 7.56764051621644729e-01 
1.36648332542726545e-02 -1.81324027166123991e+00 1.97966139285151721e+00 
-1.46261280049366893e+00 5.53804449782845307e-02 2.24416742803497549e+00 
1.30315739531368524e+00 1.76912751190127238e+00 1.58976601705500453e+00 
-1.91891265929817179e+00 -1.09630532754070775e+00 1.57714445650496038e+00 
7.83587334260784751e-01 7.40813160593973064e-01 2.44844940946985679e+00 
-4.27541288830063482e-01 1.58312798249624298e+00 9.91016310138086443e-01 
1.75973407503586143e+00 -1.85574156191013095e+00 1.10090620201350564e+00 
-1.56470761317159957e+00 -2.32698241181424570e-01 1.08108311586608008e+00 
3.75984074623540443e-01 1.55527377630304797e+00 2.14700018121113745e+00 
-1.02606011499709204e+00 -1.59084730107635686e+00 1.92241561595524280e+00 
1.76853738415340977e+00 2.60616400023208128e-01 1.99832177953869161e+00 
-1.51715302492530291e+00 1.85813159549560947e+00 1.33318648609184232e+00 
1.11590886654371491e+00 -1.03289610659511433e+00 2.21179201897040345e+00 
-3.70423742827766911e-01 9.71547636699237049e-01 2.46470526712522808e+00 
1.24445712774217321e+00 1.38847596565759868e+00 4.41202946023371567e-01 
-1.28968875171252240e+00 -1.36263640798868946e+00 3.88746746490155670e-01 
2.08550794306190418e-01 -9.86385567673065955e-01 2.48065434013250163e+00 
-1.25406484350509784e+00 1.00867695133582957e+00 2.14760101983115970e+00 
1.40594162951129809e+00 -1.89103108697070210e+00 1.39269966199740125e+00 
-1.87789111678541309e+00 -2.65415853896135812e-01 1.90026735617173914e+00 
8.87479704432058258e-01 1.59438315081568582e+00 1.97297269081933946e+00 
-5.26619606891489345e-01 -1.55988052598484228e+00 2.12112883171191413e+00 
2.11532441905293478e+00 3.25413369872318725e-01 1.62561866570208591e+00 
-1.84844137988104240e+00 1.81363508630246040e+00 1.02830693332986822e+00 
3.37071611463235443e-01 -1.59666727238188244e+00 1.00410927673584416e+00 
-9.37164212516427786e-01 -7.45263921999404610e-01 2.39759296737265082e+00 
1.81872092200375279e+00 1.10859445568130921e+00 1.67082712377131304e+00 
-1.42542734380254621e+00 -1.76146250554029082e+00 1.52765077232656221e+00 
1.32735625565173998e+00 -6.72258887643134018e-02 2.32377973563391693e+00 
-1.60939590670085786e-01 1.79958782987491905e+00 1.97711041682852584e+00 
1.54971525889257356e+00 -7.67717625835765749e-01 8.24737141708449473e-01 
-1.64303123217217117e+00 3.40613045041534723e-01 9.25002817958483159e-01 
6.53769792295640778e-02 1.56777420204629947e+00 1.09954944934809995e+00 
-8.02033799581048701e-01 -1.44756668382228915e+00 9.65656030786392394e-01 
1.54870139104063709e+00 -4.92669128398854128e-01 2.13290963067694639e+00 
-1.83009153162935601e+00 1.27185132348498797e+00 1.55513112682413146e+00 
7.92924364973096818e-01 -1.70426686609229372e+00 1.92681270989627640e+00 
-6.74891124439227830e-01 1.63049405246677465e-01 2.58388425515372822e+00 
1.85371632380158169e+00 1.69384923614974903e+00 1.16281022135496048e+00 
-1.47360838697331187e+00 -6.89974846026827238e-01 1.01173718092643772e+00 
4.99021986566466680e-01 8.48230203356453938e-01 2.48698110197944011e+00 
-5.72974909885471950e-01 1.59034590695825351e+00 9.02052514236099556e-01 
1.02048034449637748e+00 -1.48283627415510511e+00 6.56517737858745787e-01 
-1.64576669679888710e+00 -8.21699654225962695e-01 1.96578317289852444e+00 
1.19148813955967348e+00 1.07998173372880424e+00 2.14735451798145416e+00 
-2.39071119581098918e-01 -1.98659538993371476e+00 1.79536230273254871e+00 
1.61059040504285012e+00 -1.26897857523056684e-01 1.03009444737692357e+00 
-1.45960110481625649e+00 9.63298652018270363e-01 7.82827829995683011e-01 
2.88752885626524847e-01 -1.51129788562153045e+00 2.19702996110820559e+00 
-1.20975834953106620e+00 4.53423346454017329e-01 2.34561449894848595e+00 
1.43870781172183038e+00 1.96375748448009668e+00 1.26301509220947916e+00 
-1.04313432670568429e+00 -1.41985300800210146e+00 7.53051991360800144e-01 
1.05610863292417245e+00 -6.66249086459462569e-01 2.36998744069590161e+00 
-4.50169571633045495e-01 1.32858754104499410e+00 2.27985439469630302e+00 
1.37586941747795044e+00 -1.07714514627009428e+00 7.86092087158029473e-01 
-2.05477914325756084e+00 6.05088916696357258e-03 1.72696601991311671e+00 
6.11125355203687270e-01 1.82805947038156424e+00 1.86939877620127937e+00 
-8.11152655098281716e-01 -1.29775827334919858e+00 2.20648130677121967e+00 
1.93643627205929114e+00 6.00783043595889077e-01 1.76914917714142539e+00 
-8.73413406899833711e-01 1.47874776620570580e+00 8.49501709336752175e-01 
1.17423329032644452e+00 -2.01442569096293855e+00 1.40812480704895626e+00 
-8.39976578026213755e-02 -4.64670678710445262e-01 2.63374302921769310e+00 
1.55577343114281663e+00 8.32196892729119564e-01 7.47138844030283411e-01 
-1.53116902362654050e+00 -9.22783068503637893e-01 6.89341656326063257e-01 
6.56650216426304667e-02 2.44502014524417749e-01 2.66228787419764057e+00 
-1.22083517773597583e+00 1.89182117227857560e+00 1.52443367774188610e+00 
1.46647723733599866e+00 -1.03703919569141756e+00 2.00432181429983336e+00 
-1.92787084174595136e+00 7.89081184663634749e-01 1.70970602037535269e+00 
4.56736182435379612e-01 1.62976525723547283e+00 8.98029150718033020e-01 
-3.95444086752116120e-01 -1.61282126039856344e+00 9.55840282597452462e-01 
2.00963077386272726e+00 -7.02434344681337808e-01 1.65220719412626704e+00 
-1.48874276583961995e+00 6.92281237253370318e-01 9.87719978173947966e-01 
3.94059972621753352e-01 -1.93299233136888349e+00 1.82569754415630237e+00 
-1.08888921346792933e+00 -1.44665665411931293e-01 2.44189477635851260e+00 
1.63905291687687948e+00 1.57319292395859134e+00 1.50615603909280682e+00 
-1.61481005533616107e+00 -1.31307772460267591e+00 1.73965334347786760e+00 
1.19028221888972419e+00 5.27041568856146614e-01 2.33900039801908566e+00 
-1.90823694036985125e-01 1.53728179180894631e+00 1.12763030286683930e+00 
1.32314284403069893e+00 -1.27350286054444695e+00 5.46518588935699934e-01 
-1.60158634700145019e+00 -3.41007408504844955e-01 9.94904121018786780e-01 
2.46224539292441175e-01 1.39837047801586412e+00 2.26800289035053382e+00 
-1.12002853523320223e+00 -1.71818570121105219e+00 1.76846406243428333e+00 
1.66969784372636698e+00 7.72621413166829363e-02 2.09395507974770023e+00 
-1.64628062633703398e+00 1.71206369542702963e+00 1.37116062117928239e+00 
9.73064406197680420e-01 -1.21985766348884517e+00 2.18505252774388392e+00 
-5.19263436760477592e-01 7.74888666381321145e-01 2.50731162132168217e+00 
1.23425536746845310e+00 1.35702583638705643e+00 5.53438033414877628e-01 
-1.83302596808251983e+00 -1.82340950524161682e+00 1.06222032828628521e+00 
6.54220723417381023e-01 -3.81102450258871850e-01 2.56629974716725995e+00 
-8.26879724298893559e-01 1.54476624773434068e+00 2.03464778256151479e+00 
1.79065773185841159e+00 -1.43052499002082412e+00 1.48454691688131191e+00 
-1.57138552381688901e+00 2.92976787142580575e-01 2.15167888758218329e+00 
1.15745910227745918e+00 1.94014720119686324e+00 1.50008324261828663e+00 
-1.29387610133161080e-01 -1.05807230351701964e+00 2.45706181194083495e+00 
1.61013019984573802e+00 5.43328611949826512e-01 8.85140581240179358e-01 
-1.30047766834514955e+00 1.35766537856383929e+00 3.69731853593213922e-01 
8.84990110277696640e-02 -1.67077605959689790e+00 9.33742134265008739e-01 
-1.30551581294541430e+00 -9.04253917412253583e-01 2.16732319093620207e+00 
1.54156073926255166e+00 9.95178132623410483e-01 1.96674302130430578e+00 
-1.68033069920984013e+00 -1.81671568999327659e+00 1.24200631016186969e+00 
9.35678584636144395e-01 -2.73638179768964762e-01 2.49201778491676595e+00 
-5.62220516789193603e-01 1.64040978515691593e+00 2.04526770628035370e+00 
1.97190335968703256e+00 -1.31014561851325118e+00 1.36589419557000591e+00 
-2.12242338654384399e+00 3.45400722543880878e-01 1.61037674544123610e+00 
4.58580002408594478e-01 2.07717868327577948e+00 1.63875872851340132e+00 
-5.58301571651522499e-01 -1.55976485398895037e+00 9.62617288920717851e-01 
1.84315190233422888e+00 -6.43827630482735169e-01 1.84971590618408110e+00 
-1.56620550288891858e+00 1.17557797648620266e+00 1.85573422309516411e+00 
1.12545241707872612e+00 -1.79552548040475157e+00 1.68685070396222780e+00 
-2.34641448943751774e-01 -4.54105054428923377e-02 2.66434946397989325e+00 
1.45702129132849212e+00 1.02582866951189944e+00 7.04246822498833747e-01 
-1.49949044117675445e+00 -7.76405353272893617e-01 9.05495573597982828e-01 
3.59366221546367326e-01 6.54355808577036013e-01 2.56785933881328310e+00 
-6.67349711486815989e-01 1.51329126429252403e+00 9.67363944733936165e-01 
1.46833024511932075e+00 -1.98162775704314376e+00 1.22860678688296887e+00 
-1.77430755994196443e+00 -4.53030499446247847e-01 1.96530744735411389e+00 
1.03083114371123519e+00 1.42726752838772608e+00 2.02969451905972287e+00 
-3.84052863746165818e-01 -1.71671540395913702e+00 2.02960094330005525e+00 
1.56444257599417602e+00 1.08427345415081214e-01 1.10089146911026092e+00 
-1.80477452629673718e+00 1.72369557046473543e+00 1.18938473118245414e+00 
7.16878656656288249e-01 -1.15219698786687319e+00 2.31250634799826393e+00 
-7.95274260783266240e-01 8.60482421933067343e-01 2.40666383327376376e+00 
1.11764909001572121e+00 1.43442836314828037e+00 6.03717543359126418e-01 
-8.26704990348857804e-01 -1.54166251889462491e+00 7.81687038618767760e-01 
1.41308763655704905e+00 -8.25396383635574216e-01 2.12868216871877758e+00 
-3.27657394218049819e-02 1.16177884195387038e+00 2.40896950725190928e+00 
1.47289492209795592e+00 -1.08722244437520543e+00 5.65444068393739063e-01 
-1.67857349594152061e+00 -1.08057565733643210e-01 9.17558538071105767e-01 
3.60622531994211626e-02 1.71318978077863537e+00 2.05705374281716358e+00 
-1.34115479868218901e+00 -1.39811725223466987e+00 1.88435202969375215e+00 
1.49363565667047382e+00 4.62238396249183892e-01 2.17601436069163556e+00 
-1.70598511694870814e+00 1.90966270366956836e+00 1.07799675436156539e+00 
4.63689802783151361e-01 -1.55043585671660367e+00 1.02583600569446620e+00 
-7.35861064271491450e-01 -6.56480325951300792e-01 2.49001258453945606e+00 
1.93750172453316560e+00 1.15575376853936262e+00 1.51588201451085736e+00 
-1.39360507173142967e+00 -1.06043020432434454e+00 7.77529276219146914e-01 
4.38911605688895867e-01 3.35225433888348620e-02 2.63806060302767831e+00 
-9.67300172389782498e-01 1.80797985725093269e+00 1.75243992946311988e+00 
1.70440051787766378e+00 -1.15978065966937027e+00 1.75024738038405681e+00 
-1.70945081973963631e+00 6.49767561151486372e-01 1.96714602139351968e+00 
6.62595262899480564e-01 1.53713974987789870e+00 9.32399054324532628e-01 
-2.93011610688011237e-01 -2.09847598002829683e+00 1.65801901998683587e+00 
1.58157946725070486e+00 -2.45213741623485193e-01 1.05341145772522848e+00 
-1.50949540828441453e+00 8.63507968939195458e-01 8.04348611936129165e-01 
2.15435753671757990e-01 -1.66765662248782642e+00 2.09144236627775459e+00 
-1.27873655632788963e+00 2.54633022963020705e-01 2.33905350934842726e+00 
1.42519816054835013e+00 1.86143851392871840e+00 1.39934717594211655e+00 
-1.80785702917159430e+00 -9.64077485579527771e-01 1.76250508717073373e+00 
9.74819545284225986e-01 9.19715887139502586e-01 2.31827981476839584e+00 
-2.97242250600215419e-01 1.65532908160850689e+00 9.18004229628632928e-01 
1.22014258820888810e+00 -1.37178831067456364e+00 5.48313764839391093e-01 
-2.06360122749880981e+00 -6.73642001617652864e-01 1.60220215745527317e+00 
5.98931731803282297e-01 1.21338397585765012e+00 2.30950649713388145e+00 
-8.01630470249001248e-01 -1.88648319454828606e+00 1.75680951610644698e+00 
1.91472859845002996e+00 -1.06281620510886410e-01 1.87535856086626840e+00 
-1.43296223229134201e+00 1.63624397388936904e+00 1.62740086804384809e+00 
1.25874277363093912e+00 -1.35133251247945330e+00 1.96405587948826099e+00 
-1.57779104456571423e-01 5.80864529155125320e-01 2.60565512592860049e+00 
1.37825123667353688e+00 1.23295184247735579e+00 5.01450269036086693e-01 
-1.38129130693510405e+00 -1.23338334140358019e+00 4.91933885914008218e-01 
1.39267399534590053e-01 -5.92667938865811594e-01 2.60583530287267306e+00 
-1.27281788066963131e+00 1.33867776180465059e+00 1.95900473540731013e+00 
1.41934263895517532e+00 -1.64769531466961827e+00 1.63070785097619497e+00 
-1.92667670202439489e+00 9.60754544180150438e-02 1.86487718630994959e+00 
7.85712562174166074e-01 1.87610333141599428e+00 1.76316695893316733e+00 
-6.16553503023585248e-01 -1.22451052741870914e+00 2.30503911624042734e+00 
2.05458163464102839e+00 6.66181279938408477e-01 1.61569424344789292e+00 
-1.22797319818389306e+00 1.36545318562489437e+00 5.46642947439782256e-01 
4.43730507033983701e-01 -2.04761707208590149e+00 1.68733781793732618e+00 
-1.01901153520858667e+00 -3.47638229086647987e-01 2.45208019888591000e+00 
1.71758114233217385e+00 1.42174597851605178e+00 1.55879521446062363e+00 
-1.53701433376438401e+00 -1.47440172770911015e+00 1.68987605120180939e+00 
1.26050866500200720e+00 3.28804397928777192e-01 2.33810051140196595e+00 
-2.13868961803837881e-01 2.04739993310669011e+00 1.71700964882756546e+00 
1.57156206918655950e+00 -5.73187964935724215e-01 9.34262976427786551e-01 
-1.54822907782168429e+00 5.74385285816995439e-01 9.71734200077957966e-01 
1.79593788046643804e-01 1.68410715969328040e+00 8.95951022959231347e-01 
-6.39741967968089464e-01 -1.62257471939434983e+00 7.93209041791296365e-01 
1.67215625909631393e+00 -9.14059441240107740e-01 1.90263051940975214e+00 
-1.74903945313196485e+00 9.10897142381022262e-01 1.83554560042760562e+00 
9.17064464495364051e-01 -1.99636531905042869e+00 1.58121641881082264e+00 
-4.55636620071633414e-01 -3.46856918432205619e-01 2.61397120380111092e+00 
1.43118873166072569e+00 9.31434229855120144e-01 8.69096185354859108e-01 
-1.90957930367136064e+00 -1.37580943511527476e+00 1.40169920697686856e+00 
7.25500824627520524e-01 3.54028064900938910e-01 2.54984180754618750e+00 
-6.96974527622981510e-01 2.02329761361352789e+00 1.63336739318907265e+00 
1.12116010113823572e+00 -1.41645670157129699e+00 6.38630980900760092e-01 
-1.49180230869867736e+00 -7.40587405799284726e-01 2.10810298858100786e+00 
1.35828679639006777e+00 1.15456601210320775e+00 2.01312823187603085e+00 
-5.07894700221679166e-02 -1.92123121217828818e+00 1.87624913710589869e+00 
1.67500364542298041e+00 -6.00885319330696499e-02 9.28413294673584133e-01 
-1.50604182994609581e+00 9.78720772388366300e-01 6.67190187071826868e-01 
8.41131093235584631e-02 -1.42459806885109086e+00 2.26934417527094245e+00 
-1.38833006757425825e+00 5.50452793782553407e-01 2.22547539549060369e+00 
8.91327162520035188e-01 1.44024165643827384e+00 8.95789567918003904e-01 
-1.14624695368083307e+00 -1.35009497069848261e+00 7.31136499464277834e-01 
8.59718742514588907e-01 -5.66378919975791040e-01 2.47119075060692195e+00 
-6.46965621191875395e-01 1.41052733609737935e+00 2.18451619248173268e+00 
1.89008955150534641e+00 -1.52456438732469279e+00 1.29521906126652087e+00 
-1.54671820066555243e+00 7.10006292746589579e-02 1.12863670326164800e+00 
4.15496594176837319e-01 1.91198691366883189e+00 1.83452343430383324e+00 
-1.01386821491449841e+00 -1.18611814137091787e+00 2.18732624098325612e+00 
1.78980305872713741e+00 7.15264070711353006e-01 1.87613904252232055e+00 
-9.54020897057099027e-01 1.48337138868641771e+00 7.48767347566452690e-01 
6.62513182300682124e-01 -1.59908410880603946e+00 8.21708820579785781e-01 
-2.99545619742010438e-01 -9.50608016642023324e-01 2.48575638396747012e+00 
1.54953403928412525e+00 6.17284389500910691e-01 9.42922760969908014e-01 
-1.39291356890215301e+00 -1.15096793598496872e+00 6.37388178019934859e-01 
2.89939878685572194e-01 -2.70052316071973941e-01 2.64562734026587476e+00 
-1.11976830768352187e+00 1.59291912288983650e+00 1.86489872735483631e+00 
1.56765480409535529e+00 -1.40371711649865327e+00 1.71048201377697096e+00 
-1.82497101909050796e+00 3.81039385857950996e-01 1.93049580647465890e+00 
8.66662233587157771e-01 2.04522671966664982e+00 1.53695508761012478e+00 
-2.81460236042889500e-01 -1.59032166965273403e+00 1.03094918019096582e+00 
1.51745099721269439e+00 -4.20030163968169945e-01 1.09184074937322073e+00 
-1.98111944397603401e+00 1.09625730715421610e+00 1.49652417199445176e+00 
5.89476110323598701e-01 -1.84961001196827768e+00 1.86218304115515365e+00 
-8.86898940023574389e-01 -3.28216308417835709e-02 2.52504233579793924e+00 
1.75889522672999066e+00 1.61227481625337665e+00 1.35256108906159933e+00 
-1.47116781103618188e+00 -1.25299443471313787e+00 1.88827812636048042e+00 
1.36872291631739995e+00 6.22055772006180563e-01 2.21780738941563449e+00 
-6.14841639929394959e-02 1.58006068230671204e+00 1.08204760864914840e+00 
1.40456089833083575e+00 -1.20025261858627363e+00 5.07741493314927794e-01 
-1.62889641718836753e+00 -2.74819679835062614e-01 9.70757279253190219e-01 
1.74832121546090125e-01 1.49092784281642743e+00 2.21539630552916389e+00 
-1.19174974488282270e+00 -1.63194115543110940e+00 1.80216349109428720e+00 
1.61452458201658122e+00 1.83381708114913389e-01 2.12988265889624540e+00 
-1.67253095711158273e+00 1.76893078816083049e+00 1.28476355327114633e+00 
9.17119128718810517e-01 -1.12839892719109591e+00 2.25468435064118822e+00 
-5.86530592486774083e-01 8.80211926398497990e-01 2.45772614068768114e+00 
1.19128029850525441e+00 1.40152184857518058e+00 5.36457685131309980e-01 
-1.19919316679756061e+00 -1.39531397605965402e+00 5.35008174232358025e-01 
5.69766652520334316e-01 -8.70906557497205802e-01 2.46723233630068473e+00 
-9.31673007736313896e-01 1.13581646613522613e+00 2.24219088767270236e+00 
1.66645780261092180e+00 -1.76868858917277683e+00 1.30083042791931591e+00 
-1.62977525838755577e+00 -1.72652004947701332e-01 2.12241207529695375e+00 
1.17233133139670498e+00 1.63686347313363356e+00 1.79726940586737149e+00 
-1.92626322923216881e-01 -1.48479849179842671e+00 2.22491444211218381e+00 
1.62306655232200514e+00 2.81905738765114766e-01 9.78459611206133784e-01 
-1.32376505268446487e+00 1.24997174907512520e+00 5.97005696272801645e-01 
2.19134502682810955e-01 -1.57024309801331707e+00 1.07587906962274404e+00 
-1.13938676138375916e+00 -6.27224153842970700e-01 2.34401274187646447e+00 
1.66156928239632418e+00 1.22498601053417411e+00 1.74723494984399985e+00 
-1.59339367882271388e+00 -1.65572140649599397e+00 1.49034740913733876e+00 
1.13789895149980635e+00 4.33502482654125609e-02 2.42137721131173533e+00 
-3.50941940211561998e-01 1.86771173921687139e+00 1.89108063848344243e+00 
1.49586568108374407e+00 -7.38043460743750823e-01 9.42802632466656965e-01 
-1.98603375949516114e+00 6.23553850246335029e-01 1.70529278885176572e+00 
4.31810994700509487e-01 1.57830687566722938e+00 9.96837880828226219e-01 
-6.53194293796150460e-01 -2.06766386393368462e+00 1.60589437760090470e+00 
1.99416473830864938e+00 -3.57617194153342866e-01 1.76312002086104203e+00 
-1.36627561730507319e+00 1.44713213598471113e+00 1.82645581738376217e+00 
1.33541627655892636e+00 -1.55396267101040086e+00 1.77002113788601445e+00 
-9.37555549453353114e-03 2.82412708961385706e-01 2.65933966383086151e+00 
1.46668299995229034e+00 1.11047494168476635e+00 5.35616907050149527e-01 
-1.63334255957928520e+00 -5.83499069340895460e-01 8.14198998232067095e-01 
9.08648152343199955e-03 9.62931604529215002e-01 2.49490251143586894e+00 
-7.97728588257116455e-01 1.56816974112970553e+00 7.58730421203278937e-01 
8.00884679909637853e-01 -1.57641961988313151e+00 7.38027100525694424e-01 
-1.95602802097713835e+00 -8.46416701358160384e-01 1.66141300001698600e+00 
7.62543090701247595e-01 1.03527502420133732e+00 2.34785575928552248e+00 
-6.47920217819445865e-01 -2.01327397940055786e+00 1.67363079438263407e+00 
2.00834938293234799e+00 -2.69543172961748734e-01 1.76100133943025261e+00 
-1.44360689113955920e+00 9.36307195334635800e-01 8.42927677440816536e-01 
3.70123625196642270e-01 -1.57821849616653753e+00 2.13850485431261017e+00 
-1.13288330616473276e+00 3.68941279069546157e-01 2.39747631873138722e+00 
1.51519782751718401e+00 1.90105559244510602e+00 1.27608995168357775e+00 
-9.92374909934969240e-01 -1.46106139624119491e+00 7.42758860009152588e-01 
1.13196056394693922e+00 -7.46393773315785714e-01 2.31182736036803771e+00 
-3.66998319730495959e-01 1.25509330807819830e+00 2.33474736138362182e+00 
1.39146349209151632e+00 -1.09938265009330483e+00 7.25524795184222859e-01 
-1.63445353600318977e+00 -4.71806398649802158e-02 9.98766597081322094e-01 
1.83049182915925507e-01 1.78962434920708358e+00 1.98433868104562250e+00 
-1.22431066530429278e+00 -1.32813267266843948e+00 2.00029377569619582e+00 
1.61252113706450939e+00 5.56808557190418218e-01 2.07039801761188302e+00 
-1.09598218187721730e+00 1.37990123635950201e+00 7.52259745352610976e-01 
5.61808807351061534e-01 -1.49930843059013719e+00 1.05244676042112562e+00 
-5.79416784707993404e-01 -5.49767693243135902e-01 2.55509518962331494e+00 
2.01282631138786661e+00 1.21333147344584558e+00 1.38570398168822528e+00 
-1.94995414534339062e+00 -1.49231442499453237e+00 1.25622488063417492e+00 
6.02812289108607291e-01 1.49085664138588203e-01 2.60140336535890615e+00 
-8.21657193277959386e-01 1.89446015788140087e+00 1.72985472213562708e+00 
1.82346790097074485e+00 -1.04942077848869308e+00 1.69809687437535639e+00 
-1.58355672020366578e+00 7.62158802887089037e-01 2.03088024613929408e+00 
7.31044848771371880e-01 1.55359028077162087e+00 8.50370365284211061e-01 
-1.02466959874404281e-01 -1.66032620739499626e+00 9.50797821173486102e-01 
1.60111648299149767e+00 -5.08347856001213239e-01 9.21524581749564975e-01 
-1.60384196501344434e+00 6.11240799503214749e-01 8.51630627597016354e-01 
9.18832538302143259e-02 -1.99743594452252449e+00 1.79401443613131284e+00 
-1.38674258644377213e+00 -2.27323910608212720e-01 2.28182589503612165e+00 
1.41329128621530198e+00 1.56178688236375129e+00 1.70170358983367698e+00 
-1.82754849030754585e+00 -1.32965763586974139e+00 1.52736245106316293e+00 
8.79912832057270111e-01 4.51635965205989143e-01 2.48549235429762527e+00 
-5.55000813263179071e-01 2.08948831712839800e+00 1.59772473955968430e+00 
1.19620280185469152e+00 -1.35941570452501170e+00 6.26328099882606071e-01 
-1.51906639864337345e+00 -4.05607775316560282e-01 1.09504278395513199e+00 
4.73596697166553893e-01 1.31552379596079239e+00 2.28224404682505488e+00 
-9.18570810363785073e-01 -1.80294597518248767e+00 1.79023414421163451e+00 
1.83389474138194575e+00 -6.36050810403294021e-03 1.95574099267186718e+00 
-1.50478548373748855e+00 1.69213888776237020e+00 1.51846771515394519e+00 
1.16688793845474170e+00 -1.27397488113332935e+00 2.06250106734061722e+00 
-2.85654455877814017e-01 6.91758181610209300e-01 2.56763308334318774e+00 
1.32258449717804738e+00 1.28974166367757093e+00 5.08464136764145147e-01 
-1.35384891640107941e+00 -1.22462802849038588e+00 5.81874894605513560e-01 
3.06890853273055264e-01 -4.77524679369272453e-01 2.61480261988204488e+00 
-1.12815729294472678e+00 1.44399177369269571e+00 1.97084557294820684e+00 
1.55154141357665609e+00 -1.54685865680086043e+00 1.61311998000388512e+00 
-1.81997704210113631e+00 1.99981866693264232e-01 1.96043028377444717e+00 
9.05525239350854605e-01 1.92883868161913097e+00 1.65517556259071297e+00 
-4.65869355593645063e-01 -1.13233067839850565e+00 2.38409437173074990e+00 
1.51003523537455608e+00 5.24360694920092407e-01 1.05642725216979816e+00 
-1.15430520749640952e+00 1.42475293251198343e+00 5.55749636816776360e-01 
3.81461848448999608e-01 -1.61849259600446871e+00 9.51928392492518816e-01 
-8.48512185145135378e-01 -8.35009121003028709e-01 2.40111655409658864e+00 
1.88552010692404282e+00 1.02619777116476718e+00 1.64809359833572766e+00 
-1.34635906235516667e+00 -1.83058960319803221e+00 1.51576110588675417e+00 
1.40200700780879028e+00 -1.53579295391809034e-01 2.27620575138722181e+00 
-8.00689570500753428e-02 1.73875996351367390e+00 2.03457177545075618e+00 
1.56396404730414940e+00 -7.98517790193216781e-01 7.66540858051135032e-01 
